agent	field	definition_from_base_prompt	cardinality	unknown_representation	scope	prompt_precedence
biological	BMI	Body mass index	one_or_more_entries; occasional legacy [value,evidence] pair	"[{""value"":""unknown"",""evidence"":""""}]"	project-level; not a sample or raw-file assignment	effective prompt includes multi-value override; consult it for operative rules
biological	age	Numerical age or age range	one_or_more_entries; occasional legacy [value,evidence] pair	"[{""value"":""unknown"",""evidence"":""""}]"	project-level; not a sample or raw-file assignment	effective prompt includes multi-value override; consult it for operative rules
biological	anatomic_site_tumor	"Specific tumor anatomical sub-location WITHIN the tissue (e.g., ""bile ducts"" within liver, ""frontal lobe"" within brain). Leave unknown if the paper only names the organ."	one_or_more_entries; occasional legacy [value,evidence] pair	"[{""value"":""unknown"",""evidence"":""""}]"	project-level; not a sample or raw-file assignment	effective prompt includes multi-value override; consult it for operative rules
biological	cell_line	Cell line name (e.g., HeLa, HEK293, MCF7)	one_or_more_entries; occasional legacy [value,evidence] pair	"[{""value"":""unknown"",""evidence"":""""}]"	project-level; not a sample or raw-file assignment	effective prompt includes multi-value override; consult it for operative rules
biological	cell_type	Cell type (e.g., T cells, hepatocytes, neurons)	one_or_more_entries; occasional legacy [value,evidence] pair	"[{""value"":""unknown"",""evidence"":""""}]"	project-level; not a sample or raw-file assignment	effective prompt includes multi-value override; consult it for operative rules
biological	developmental_stage	"Developmental stage if stated (e.g., ""embryonic"", ""fetal"", ""adult"", ""neonatal"")"	one_or_more_entries; occasional legacy [value,evidence] pair	"[{""value"":""unknown"",""evidence"":""""}]"	project-level; not a sample or raw-file assignment	effective prompt includes multi-value override; consult it for operative rules
biological	disease_state	Disease name if mentioned	one_or_more_entries; occasional legacy [value,evidence] pair	"[{""value"":""unknown"",""evidence"":""""}]"	project-level; not a sample or raw-file assignment	effective prompt includes multi-value override; consult it for operative rules
biological	ethnicity	"Ethnic/ancestry group if stated (e.g., ""Caucasian"", ""East Asian"")"	one_or_more_entries; occasional legacy [value,evidence] pair	"[{""value"":""unknown"",""evidence"":""""}]"	project-level; not a sample or raw-file assignment	effective prompt includes multi-value override; consult it for operative rules
biological	material_type	"Type of biological material (e.g., ""cell line"", ""primary cells"", ""tissue"", ""biofluid"", ""organoid"")"	one_or_more_entries; occasional legacy [value,evidence] pair	"[{""value"":""unknown"",""evidence"":""""}]"	project-level; not a sample or raw-file assignment	effective prompt includes multi-value override; consult it for operative rules
biological	sample_source	"SHORT biological origin phrase (2–5 words max: ""cell culture"", ""tumor biopsy"", ""patient serum"", ""surgical resection""). NEVER copy a full sentence."	one_or_more_entries; occasional legacy [value,evidence] pair	"[{""value"":""unknown"",""evidence"":""""}]"	project-level; not a sample or raw-file assignment	effective prompt includes multi-value override; consult it for operative rules
biological	sex	"Biological sex — report ALL groups (e.g., ""48 females and 29 males""), not just one"	one_or_more_entries; occasional legacy [value,evidence] pair	"[{""value"":""unknown"",""evidence"":""""}]"	project-level; not a sample or raw-file assignment	effective prompt includes multi-value override; consult it for operative rules
biological	species	Scientific organism name (e.g., Homo sapiens, Mus musculus, E. coli)	one_or_more_entries; occasional legacy [value,evidence] pair	"[{""value"":""unknown"",""evidence"":""""}]"	project-level; not a sample or raw-file assignment	effective prompt includes multi-value override; consult it for operative rules
biological	strain	Organism strain name	one_or_more_entries; occasional legacy [value,evidence] pair	"[{""value"":""unknown"",""evidence"":""""}]"	project-level; not a sample or raw-file assignment	effective prompt includes multi-value override; consult it for operative rules
biological	tissue	"Primary tissue/organ type (e.g., liver, brain, blood). For cancer studies use the organ of origin, NOT ""tumor"" or ""tumorous tissue""."	one_or_more_entries; occasional legacy [value,evidence] pair	"[{""value"":""unknown"",""evidence"":""""}]"	project-level; not a sample or raw-file assignment	effective prompt includes multi-value override; consult it for operative rules
technical	acquisition_method	MS acquisition strategy (DDA, DIA, PRM, SRM, targeted)	one_or_more_entries; occasional legacy [value,evidence] pair	"[{""value"":""unknown"",""evidence"":""""}]"	project-level; not a sample or raw-file assignment	effective prompt includes multi-value override; consult it for operative rules
technical	alkylation_concentration	Concentration of alkylation_reagent in LC-MS sample prep ONLY	one_or_more_entries; occasional legacy [value,evidence] pair	"[{""value"":""unknown"",""evidence"":""""}]"	project-level; not a sample or raw-file assignment	effective prompt includes multi-value override; consult it for operative rules
technical	alkylation_reagent	Cysteine alkylation chemical in LC-MS sample prep ONLY (iodoacetamide, chloroacetamide, NEM). NOT fluorescent dyes (Cy2/Cy3/Cy5) used in 2D-DIGE — those are NOT alkylation reagents.	one_or_more_entries; occasional legacy [value,evidence] pair	"[{""value"":""unknown"",""evidence"":""""}]"	project-level; not a sample or raw-file assignment	effective prompt includes multi-value override; consult it for operative rules
technical	cleavage_agent	Protease(s) used (trypsin, Lys-C, chymotrypsin, GluC)	one_or_more_entries; occasional legacy [value,evidence] pair	"[{""value"":""unknown"",""evidence"":""""}]"	project-level; not a sample or raw-file assignment	effective prompt includes multi-value override; consult it for operative rules
technical	collision_energy	Fragmentation energy (NCE, eV values)	one_or_more_entries; occasional legacy [value,evidence] pair	"[{""value"":""unknown"",""evidence"":""""}]"	project-level; not a sample or raw-file assignment	effective prompt includes multi-value override; consult it for operative rules
technical	enrichment_method	Enrichment technique (IMAC, TiO2, antibody, affinity)	one_or_more_entries; occasional legacy [value,evidence] pair	"[{""value"":""unknown"",""evidence"":""""}]"	project-level; not a sample or raw-file assignment	effective prompt includes multi-value override; consult it for operative rules
technical	fractionation_method	Pre-MS fractionation approach (SCX, high-pH, bRP, gel). 2D-DIGE gel separation is NOT LC-MS fractionation.	one_or_more_entries; occasional legacy [value,evidence] pair	"[{""value"":""unknown"",""evidence"":""""}]"	project-level; not a sample or raw-file assignment	effective prompt includes multi-value override; consult it for operative rules
technical	fragmentation_method	MS fragmentation type (HCD, CID, ETD, EThcD)	one_or_more_entries; occasional legacy [value,evidence] pair	"[{""value"":""unknown"",""evidence"":""""}]"	project-level; not a sample or raw-file assignment	effective prompt includes multi-value override; consult it for operative rules
technical	instrument	The PRIMARY LC-MS/MS mass spectrometer model (Q Exactive, Orbitrap Fusion, timsTOF, LTQ). NOT secondary instruments used for validation (e.g., MALDI-TOF used only for spot verification).	one_or_more_entries; occasional legacy [value,evidence] pair	"[{""value"":""unknown"",""evidence"":""""}]"	project-level; not a sample or raw-file assignment	effective prompt includes multi-value override; consult it for operative rules
technical	ionization_type	Ionization source of the primary LC-MS instrument (ESI, nanoESI, MALDI)	one_or_more_entries; occasional legacy [value,evidence] pair	"[{""value"":""unknown"",""evidence"":""""}]"	project-level; not a sample or raw-file assignment	effective prompt includes multi-value override; consult it for operative rules
technical	labeling	Quantification method (TMT, iTRAQ, SILAC, label-free)	one_or_more_entries; occasional legacy [value,evidence] pair	"[{""value"":""unknown"",""evidence"":""""}]"	project-level; not a sample or raw-file assignment	effective prompt includes multi-value override; consult it for operative rules
technical	mass_analyzer	Mass analyser type in the primary MS instrument (Orbitrap, Ion Trap, QTOF, Triple Quadrupole). Infer from instrument model if not stated explicitly (e.g. Q Exactive → Orbitrap).	one_or_more_entries; occasional legacy [value,evidence] pair	"[{""value"":""unknown"",""evidence"":""""}]"	project-level; not a sample or raw-file assignment	effective prompt includes multi-value override; consult it for operative rules
technical	ptm	Post-translational modifications searched (e.g. carbamidomethylation, oxidation, phosphorylation). List all fixed and variable modifications mentioned.	one_or_more_entries; occasional legacy [value,evidence] pair	"[{""value"":""unknown"",""evidence"":""""}]"	project-level; not a sample or raw-file assignment	effective prompt includes multi-value override; consult it for operative rules
technical	reduction_concentration	Concentration of reduction reagent	one_or_more_entries; occasional legacy [value,evidence] pair	"[{""value"":""unknown"",""evidence"":""""}]"	project-level; not a sample or raw-file assignment	effective prompt includes multi-value override; consult it for operative rules
technical	reduction_reagent	Disulfide reduction chemical (DTT, TCEP, BME)	one_or_more_entries; occasional legacy [value,evidence] pair	"[{""value"":""unknown"",""evidence"":""""}]"	project-level; not a sample or raw-file assignment	effective prompt includes multi-value override; consult it for operative rules
experimental_design	biological_replicate	"Description of distinct biological units (can INFER from ""3 mice"", ""n=5 patients"")"	one_or_more_entries; occasional legacy [value,evidence] pair	"[{""value"":""unknown"",""evidence"":""""}]"	project-level; not a sample or raw-file assignment	effective prompt includes multi-value override; consult it for operative rules
experimental_design	experimental_design	"Study structure (INFER from ""treated vs control"", ""time course"")"	one_or_more_entries; occasional legacy [value,evidence] pair	"[{""value"":""unknown"",""evidence"":""""}]"	project-level; not a sample or raw-file assignment	effective prompt includes multi-value override; consult it for operative rules
experimental_design	factor_value	Variables defining groups (treatment, genotype, condition)	one_or_more_entries; occasional legacy [value,evidence] pair	"[{""value"":""unknown"",""evidence"":""""}]"	project-level; not a sample or raw-file assignment	effective prompt includes multi-value override; consult it for operative rules
experimental_design	number_of_biological_replicates	Count of biological replicates	one_or_more_entries; occasional legacy [value,evidence] pair	"[{""value"":""unknown"",""evidence"":""""}]"	project-level; not a sample or raw-file assignment	effective prompt includes multi-value override; consult it for operative rules
experimental_design	number_of_fractions	Total fractions if fractionation applied	one_or_more_entries; occasional legacy [value,evidence] pair	"[{""value"":""unknown"",""evidence"":""""}]"	project-level; not a sample or raw-file assignment	effective prompt includes multi-value override; consult it for operative rules
experimental_design	number_of_samples	Total biological samples	one_or_more_entries; occasional legacy [value,evidence] pair	"[{""value"":""unknown"",""evidence"":""""}]"	project-level; not a sample or raw-file assignment	effective prompt includes multi-value override; consult it for operative rules
experimental_design	number_of_technical_replicates	Count of technical replicates	one_or_more_entries; occasional legacy [value,evidence] pair	"[{""value"":""unknown"",""evidence"":""""}]"	project-level; not a sample or raw-file assignment	effective prompt includes multi-value override; consult it for operative rules
experimental_design	technical_replicate	"Repeated measurements of same material (can INFER from ""triplicate injections"")"	one_or_more_entries; occasional legacy [value,evidence] pair	"[{""value"":""unknown"",""evidence"":""""}]"	project-level; not a sample or raw-file assignment	effective prompt includes multi-value override; consult it for operative rules
experimental_design	technology_type	"Proteomics technology used (e.g. ""bottom-up proteomics"", ""shotgun proteomics"", ""top-down proteomics"", ""targeted proteomics"", ""affinity purification coupled with mass spectrometry proteomics"")"	one_or_more_entries; occasional legacy [value,evidence] pair	"[{""value"":""unknown"",""evidence"":""""}]"	project-level; not a sample or raw-file assignment	effective prompt includes multi-value override; consult it for operative rules
