pxd	stored_flags	entries	known_entries	unknown_entries	mapped_entries	inferred_entries	known_entries_without_evidence	_evidence_grounding_flags	_hallucination_flags	normalization_qc_flags
PXD000004	0	41	18	23	10	6	0	0	0	0
PXD000013	0	48	21	27	12	1	0	0	0	0
PXD000072	1	42	21	21	10	7	0	1	0	0
PXD000218	2	45	21	24	14	3	0	1	1	0
PXD000228	1	43	19	24	11	6	0	1	0	0
PXD000412	2	55	41	14	16	8	0	1	0	1
PXD000426	1	40	12	28	8	3	0	1	0	0
PXD000443	1	51	26	25	19	11	0	0	0	1
PXD000445	2	54	34	20	19	6	0	1	0	1
PXD000529	0	41	20	21	9	4	0	0	0	0
PXD000533	0	41	19	22	9	3	0	0	0	0
PXD000561	1	85	72	13	39	10	0	0	0	1
PXD000605	2	41	29	12	9	4	1	2	0	0
PXD000674	3	48	33	15	16	5	0	0	2	1
PXD000685	4	42	22	20	10	7	0	3	0	1
PXD000966	0	42	20	22	9	3	0	0	0	0
PXD001000	0	45	21	24	10	1	0	0	0	0
PXD001017	1	38	16	22	8	7	0	1	0	0
PXD001068	1	43	19	24	6	10	0	0	0	1
PXD001118	1	46	24	22	8	4	0	0	0	1
PXD001249	2	40	18	22	9	7	0	1	0	1
PXD001279	3	43	33	10	7	7	0	0	2	1
PXD001324	0	47	28	19	14	1	0	0	0	0
PXD001325	1	45	26	19	12	2	0	1	0	0
PXD001326	0	47	30	17	14	3	0	0	0	0
PXD001327	1	42	25	17	10	3	0	1	0	0
PXD001357	0	50	32	18	9	3	0	0	0	0
PXD001359	2	56	38	18	16	7	0	1	0	1
PXD001415	2	44	30	14	10	10	0	2	0	0
PXD001416	1	42	30	12	8	9	0	1	0	0
PXD001417	0	41	22	19	8	4	0	0	0	0
PXD001418	1	45	32	13	12	9	0	1	0	0
PXD001419	2	43	31	12	11	11	0	2	0	0
PXD001420	1	40	28	12	8	6	0	1	0	0
PXD001421	0	40	21	19	8	2	0	0	0	0
PXD001422	1	45	31	14	12	9	0	1	0	0
PXD001423	2	48	36	12	13	10	0	2	0	0
PXD001425	2	44	27	17	10	4	0	1	0	1
PXD001460	1	51	43	8	15	10	0	1	0	0
PXD001468	0	68	54	14	33	6	0	0	0	0
PXD001524	1	40	23	17	8	4	0	1	0	0
PXD001574	1	49	26	23	18	5	0	0	0	1
PXD001609	2	43	21	22	11	8	0	1	0	1
PXD001674	3	47	33	14	14	6	2	3	0	0
PXD001725	1	39	30	9	6	3	1	1	0	0
PXD001861	2	43	26	17	9	6	0	1	0	1
PXD001862	2	54	38	16	15	12	0	1	0	1
PXD001873	3	47	38	9	13	12	0	1	2	0
PXD001985	0	50	36	14	18	4	0	0	0	0
PXD002014	1	50	28	22	9	7	0	1	0	0
PXD002057	1	40	26	14	10	8	0	1	0	0
PXD002088	3	46	28	18	11	5	0	2	0	1
PXD002097	4	48	35	13	14	7	0	0	3	1
PXD002145	1	50	30	20	11	4	0	0	0	1
PXD002211	1	42	28	14	10	7	0	1	0	0
PXD002212	1	43	29	14	10	5	0	1	0	0
PXD002354	0	47	22	25	14	6	0	0	0	0
PXD002436	2	40	18	22	9	4	0	1	0	1
PXD002437	2	43	25	18	8	6	0	2	0	0
PXD002565	0	45	26	19	13	2	0	0	0	0
PXD002591	2	48	28	20	13	6	0	0	0	2
PXD002598	2	45	31	14	12	6	0	1	0	1
PXD002620	0	40	19	21	8	3	0	0	0	0
PXD002672	1	40	23	17	7	8	0	1	0	0
PXD002687	5	42	30	12	9	9	0	2	2	1
PXD002825	0	43	30	13	11	3	0	0	0	0
PXD002842	0	42	21	21	8	3	0	0	0	0
PXD002883	1	64	55	9	17	10	0	1	0	0
PXD002960	2	41	19	22	10	7	0	1	0	1
PXD002966	1	47	27	20	9	11	0	0	0	1
PXD002990	4	48	37	11	12	11	0	1	2	1
PXD003028	1	41	26	15	6	6	0	0	1	0
PXD003053	6	40	24	16	9	9	0	5	1	0
PXD003086	0	41	22	19	10	3	0	0	0	0
PXD003120	0	38	16	22	7	3	0	0	0	0
PXD003132	2	45	26	19	12	12	0	1	0	1
PXD003215	3	45	28	17	11	4	0	1	0	2
PXD003226	3	47	29	18	15	13	0	1	0	2
PXD003252	3	44	34	10	13	8	0	1	2	0
PXD003276	2	47	30	17	11	4	0	1	0	1
PXD003293	3	52	41	11	11	15	0	2	0	1
PXD003295	1	43	36	7	11	8	0	1	0	0
PXD003296	1	38	30	8	7	11	0	1	0	0
PXD003323	1	48	38	10	8	8	0	1	0	0
PXD003346	3	49	30	19	13	5	0	0	1	2
PXD003362	2	44	27	17	11	9	0	1	1	0
PXD003406	0	45	32	13	14	1	0	0	0	0
PXD003407	3	44	32	12	11	8	0	1	2	0
PXD003408	2	44	32	12	12	13	0	1	1	0
PXD003409	0	47	30	17	14	3	0	0	0	0
PXD003410	3	45	35	10	14	9	0	1	2	0
PXD003411	2	48	37	11	13	7	0	1	0	1
PXD003412	4	47	36	11	13	3	0	2	2	0
PXD003413	2	44	34	10	13	8	0	1	1	0
PXD003414	5	54	43	11	15	10	0	1	3	1
PXD003415	2	41	29	12	10	9	0	1	1	0
PXD003416	3	47	38	9	13	9	0	1	2	0
PXD003417	6	45	36	9	14	4	0	2	3	1
PXD003498	3	47	38	9	12	3	0	2	0	1
PXD003531	3	81	24	57	11	1	0	0	3	0
PXD003533	4	46	27	19	7	3	0	2	2	0
PXD003534	2	46	32	14	8	6	0	0	0	2
PXD003544	3	53	39	14	17	3	0	0	2	1
PXD003587	0	46	30	16	10	10	0	0	0	0
PXD003594	0	50	37	13	18	12	0	0	0	0
PXD003657	1	46	27	19	10	6	0	1	0	0
PXD003660	3	50	30	20	13	7	1	3	0	0
PXD003668	8	58	46	12	12	11	0	1	2	5
PXD003963	1	46	34	12	14	10	0	1	0	0
PXD003965	1	41	31	10	9	6	1	0	0	1
PXD003966	2	42	32	10	11	4	0	1	0	1
PXD003967	1	41	31	10	10	10	0	1	0	0
PXD003971	2	46	35	11	13	8	0	1	0	1
PXD003977	7	51	33	18	13	5	0	0	7	0
PXD004001	2	41	29	12	9	8	0	1	0	1
PXD004059	2	45	24	21	9	6	0	1	0	1
PXD004143	0	53	43	10	16	6	0	0	0	0
PXD004154	2	47	29	18	9	7	0	1	0	1
PXD004280	3	43	26	17	10	7	0	0	3	0
PXD004320	2	43	32	11	10	9	0	0	2	0
PXD004334	5	43	25	18	7	9	0	2	1	2
PXD004355	0	42	19	23	9	3	0	0	0	0
PXD004363	0	41	30	11	8	4	0	0	0	0
PXD004415	0	43	27	16	11	8	0	0	0	0
PXD004443	2	45	32	13	12	10	0	2	0	0
PXD004540	1	46	29	17	13	9	0	1	0	0
PXD004624	1	43	27	16	8	8	0	1	0	0
PXD004625	1	43	25	18	11	2	0	0	0	1
PXD004626	2	44	25	19	9	5	0	1	0	1
PXD004682	5	49	33	16	8	3	0	2	2	1
PXD004683	3	44	32	12	7	9	0	2	1	0
PXD004713	1	43	22	21	9	3	0	0	0	1
PXD004764	1	41	27	14	10	8	0	1	0	0
PXD004778	0	46	30	16	14	8	1	0	0	0
PXD004788	1	41	25	16	10	7	0	1	0	0
PXD004796	2	45	22	23	8	5	0	2	0	0
PXD005045	3	43	30	13	8	5	0	1	2	0
PXD005055	1	42	22	20	10	6	0	1	0	0
PXD005154	0	40	25	15	9	4	0	0	0	0
PXD005187	1	46	26	20	12	7	0	1	0	0
PXD005190	0	47	30	17	16	11	0	0	0	0
PXD005200	0	41	14	27	5	2	0	0	0	0
PXD005220	2	45	29	16	8	6	0	1	0	1
PXD005252	2	47	37	10	12	8	0	2	0	0
PXD005301	1	46	31	15	16	2	0	1	0	0
PXD005323	2	40	26	14	9	10	0	1	0	1
PXD005354	3	45	33	12	13	8	0	0	2	1
PXD005389	0	41	19	22	9	4	0	0	0	0
PXD005436	0	43	29	14	7	4	0	0	0	0
PXD005465	0	40	18	22	5	3	0	0	0	0
PXD005508	1	55	42	13	13	7	0	0	1	0
PXD005521	2	55	38	17	20	5	0	2	0	0
PXD005544	1	40	25	15	7	5	0	1	0	0
PXD005554	2	47	37	10	13	11	0	2	0	0
PXD005590	0	43	32	11	13	11	0	0	0	0
PXD005650	2	39	24	15	9	7	0	2	0	0
PXD005693	0	47	31	16	10	4	0	0	0	0
PXD005709	2	48	36	12	14	10	0	2	0	0
PXD005733	1	49	38	11	12	14	0	1	0	0
PXD005739	0	40	18	22	7	6	0	0	0	0
PXD005753	0	62	32	30	17	4	0	0	0	0
PXD005755	0	62	52	10	25	4	0	0	0	0
PXD005914	0	43	24	19	9	2	0	0	0	0
PXD005944	5	39	19	20	9	7	0	2	3	0
PXD005945	5	54	39	15	19	16	0	0	3	2
PXD005981	1	42	19	23	9	2	0	0	0	1
PXD006035	0	48	25	23	14	5	0	0	0	0
PXD006095	1	49	37	12	12	8	0	0	1	0
PXD006114	1	56	43	13	15	1	0	0	0	1
PXD006178	0	46	30	16	14	6	0	0	0	0
PXD006179	1	41	21	20	9	2	0	0	0	1
PXD006201	1	56	39	17	16	7	0	0	0	1
PXD006233	4	52	40	12	10	8	0	0	4	0
PXD006265	0	39	22	17	8	5	0	0	0	0
PXD006268	3	49	32	17	16	4	0	2	1	0
PXD006269	0	39	12	27	8	4	0	0	0	0
PXD006299	1	57	39	18	22	8	0	0	0	1
PXD006335	3	44	22	22	7	7	0	1	0	2
PXD006371	1	45	34	11	10	6	0	1	0	0
PXD006386	1	45	30	15	13	8	1	1	0	0
PXD006401	7	48	35	13	13	15	0	2	3	2
PXD006404	1	52	32	20	10	5	0	1	0	0
PXD006419	4	49	34	15	11	1	0	1	1	2
PXD006421	7	57	39	18	21	19	0	7	0	0
PXD006447	1	44	31	13	9	13	0	1	0	0
PXD006465	0	45	27	18	8	2	0	0	0	0
PXD006476	1	40	19	21	8	6	0	0	0	1
PXD006497	4	45	29	16	11	5	0	2	2	0
PXD006517	0	42	12	30	10	7	0	0	0	0
PXD006522	0	43	17	26	8	4	0	0	0	0
PXD006561	3	42	29	13	8	6	0	1	0	2
PXD006570	2	50	41	9	14	12	0	2	0	0
PXD006571	0	52	27	25	10	3	0	0	0	0
PXD006572	2	44	35	9	11	10	0	1	0	1
PXD006576	2	45	35	10	12	7	0	2	0	0
PXD006578	1	50	40	10	15	9	0	1	0	0
PXD006581	4	41	25	16	6	5	0	1	1	2
PXD006589	3	57	46	11	20	6	0	1	2	0
PXD006590	1	47	35	12	13	6	0	1	0	0
PXD006591	1	46	31	15	14	5	0	1	0	0
PXD006607	1	41	24	17	9	4	0	1	0	0
PXD006672	0	47	32	15	14	5	0	0	0	0
PXD006675	2	48	36	12	12	5	0	0	0	2
PXD006697	1	43	21	22	7	1	0	0	0	1
PXD006723	0	42	22	20	11	3	0	0	0	0
PXD006738	3	41	30	11	8	10	0	0	3	0
PXD006743	0	43	23	20	11	5	0	0	0	0
PXD006769	3	51	42	9	13	10	0	1	2	0
PXD006770	3	54	36	18	16	4	0	1	0	2
PXD006776	2	42	29	13	10	5	0	0	2	0
PXD006788	1	41	21	20	10	6	0	0	0	1
PXD006805	2	42	22	20	10	7	0	2	0	0
PXD006833	0	43	20	23	8	4	0	0	0	0
PXD006847	6	50	33	17	14	6	0	0	5	1
PXD006856	3	42	24	18	9	2	0	2	1	0
PXD006863	2	45	33	12	8	5	0	0	2	0
PXD006897	2	46	20	26	11	2	0	1	0	1
PXD006911	2	50	34	16	17	5	0	2	0	0
PXD007049	1	39	20	19	7	5	0	1	0	0
PXD007080	5	45	29	16	9	11	0	3	2	0
PXD007081	2	44	27	17	7	6	0	0	2	0
PXD007122	1	42	27	15	11	6	0	1	0	0
PXD007123	1	42	27	15	11	7	0	1	0	0
PXD007137	2	72	58	14	16	7	0	1	0	1
PXD007149	0	49	27	22	10	4	0	0	0	0
PXD007153	0	40	25	15	8	8	0	0	0	0
PXD007160	3	50	36	14	10	6	0	0	2	1
PXD007165	1	47	28	19	13	8	0	0	0	1
PXD007231	0	49	35	14	12	10	0	0	0	0
PXD007234	0	49	32	17	14	12	0	0	0	0
PXD007258	2	47	32	15	14	6	0	0	1	1
PXD007262	6	58	45	13	19	19	0	1	3	2
PXD007270	4	44	29	15	8	7	0	0	2	2
PXD007271	5	45	30	15	6	7	0	0	2	3
PXD007515	2	46	32	14	13	6	1	2	0	0
PXD007543	3	41	32	9	10	12	0	1	2	0
PXD007580	0	39	22	17	8	12	0	0	0	0
PXD007592	5	48	36	12	13	3	0	1	4	0
PXD007594	1	49	34	15	12	5	0	0	0	1
PXD007624	1	44	24	20	8	6	0	0	0	1
PXD007643	1	44	26	18	11	3	0	0	0	1
PXD007662	0	39	21	18	9	6	0	0	0	0
PXD007671	2	72	58	14	26	10	0	1	0	1
PXD007675	4	47	35	12	14	8	0	1	2	1
PXD007679	1	43	25	18	11	10	0	1	0	0
PXD007705	4	48	35	13	13	6	0	1	2	1
PXD007726	0	40	29	11	7	3	0	0	0	0
PXD007732	1	43	26	17	10	11	0	0	0	1
PXD007738	6	53	38	15	9	6	0	1	2	3
PXD007740	1	48	36	12	14	9	0	0	0	1
PXD007744	1	47	33	14	9	10	0	1	0	0
PXD007745	1	43	28	15	11	5	0	1	0	0
PXD007750	2	41	31	10	9	10	0	1	0	1
PXD007759	2	40	26	14	10	6	0	1	1	0
PXD007761	1	39	18	21	9	6	0	1	0	0
PXD007762	0	59	45	14	20	11	0	0	0	0
PXD007842	0	46	32	14	10	5	0	0	0	0
PXD007846	0	47	30	17	12	6	0	0	0	0
PXD007873	2	47	28	19	12	3	0	2	0	0
PXD007890	1	40	24	16	10	6	0	1	0	0
PXD007896	1	43	25	18	10	7	0	1	0	0
PXD007898	2	47	32	15	12	7	0	2	0	0
PXD007906	2	40	30	10	10	8	0	0	2	0
PXD007921	0	40	21	19	6	7	0	0	0	0
PXD007959	2	44	29	15	11	4	0	0	2	0
PXD007975	0	41	27	14	6	2	0	0	0	0
PXD007990	1	44	20	24	10	3	0	1	0	0
PXD008003	7	64	56	8	21	11	0	2	4	1
PXD008012	3	52	42	10	15	8	0	1	2	0
PXD008029	1	47	26	21	13	4	0	0	1	0
PXD008033	2	44	32	12	10	7	0	0	2	0
PXD008035	3	43	27	16	11	7	0	2	0	1
PXD008076	0	44	21	23	6	5	0	0	0	0
PXD008079	2	50	36	14	15	8	0	2	0	0
PXD008115	9	59	46	13	9	11	0	3	5	1
PXD008127	0	50	39	11	14	6	0	0	0	0
PXD008130	1	42	31	11	10	11	1	1	0	0
PXD008131	5	44	32	12	6	8	0	2	2	1
PXD008147	1	54	43	11	12	4	0	1	0	0
PXD008150	2	45	23	22	13	6	0	0	0	2
PXD008178	3	43	32	11	9	8	0	0	2	1
PXD008197	1	38	18	20	6	2	0	0	0	1
PXD008205	0	45	27	18	12	1	0	0	0	0
PXD008217	0	42	16	26	7	2	0	0	0	0
PXD008252	1	41	25	16	8	5	0	1	0	0
PXD008260	0	38	24	14	6	6	0	0	0	0
PXD008272	3	55	40	15	13	6	1	1	1	1
PXD008311	1	45	28	17	13	7	0	1	0	0
PXD008333	2	44	25	19	12	8	0	1	0	1
PXD008338	1	45	30	15	13	5	0	1	0	0
PXD008381	1	43	21	22	6	5	0	1	0	0
PXD008440	2	42	24	18	7	5	0	0	2	0
PXD008443	1	47	24	23	11	8	0	1	0	0
PXD008454	1	44	25	19	8	6	0	0	0	1
PXD008463	0	49	28	21	11	5	0	0	0	0
PXD008467	0	41	27	14	9	8	0	0	0	0
PXD008468	2	47	33	14	12	9	0	2	0	0
PXD008493	1	50	37	13	10	10	0	0	1	0
PXD008497	1	40	15	25	6	3	0	1	0	0
PXD008518	0	40	12	28	6	3	0	0	0	0
PXD008525	3	45	32	13	12	12	0	2	1	0
PXD008536	2	43	25	18	8	2	0	0	2	0
PXD008568	0	38	18	20	6	2	0	0	0	0
PXD008575	2	51	42	9	12	9	0	1	0	1
PXD008581	1	42	19	23	9	1	0	0	1	0
PXD008584	0	43	29	14	12	5	0	0	0	0
PXD008601	5	53	42	11	10	6	0	2	2	1
PXD008682	1	40	17	23	8	4	0	0	0	1
PXD008691	1	52	35	17	19	3	0	0	0	1
PXD008693	0	45	32	13	13	5	0	0	0	0
PXD008713	1	39	19	20	6	7	0	1	0	0
PXD008715	0	41	16	25	8	2	0	0	0	0
PXD008719	3	44	25	19	12	5	0	1	1	1
PXD008722	1	45	34	11	10	5	0	1	0	0
PXD008723	2	46	36	10	11	7	0	1	0	1
PXD008832	3	48	32	16	13	6	1	1	2	0
PXD008855	2	46	21	25	11	4	0	1	0	1
PXD008863	2	40	20	20	5	4	0	1	0	1
PXD008870	1	44	27	17	9	6	0	0	0	1
PXD008896	4	42	24	18	9	3	0	1	2	1
PXD008918	0	41	19	22	6	7	0	0	0	0
PXD008925	1	43	35	8	10	11	0	1	0	0
PXD008933	1	40	15	25	8	3	0	1	0	0
PXD008934	1	47	32	15	12	11	0	1	0	0
PXD008939	1	42	19	23	9	3	0	1	0	0
PXD008940	0	41	14	27	8	2	0	0	0	0
PXD008952	0	54	44	10	21	5	0	0	0	0
PXD008966	0	41	15	26	6	1	0	0	0	0
PXD008980	1	47	38	9	11	11	0	1	0	0
PXD008992	6	46	25	21	13	5	0	0	6	0
PXD008996	0	41	25	16	10	3	0	0	0	0
PXD009021	5	53	43	10	10	11	0	0	5	0
PXD009029	1	41	25	16	7	15	0	1	0	0
PXD009035	4	59	43	16	14	4	0	0	4	0
PXD009041	1	43	23	20	8	7	0	1	0	0
PXD009084	1	45	25	20	7	5	0	1	0	0
PXD009095	4	47	35	12	14	13	0	1	2	1
PXD009110	1	44	26	18	10	6	0	1	0	0
PXD009112	1	49	32	17	14	20	0	1	0	0
PXD009118	1	42	27	15	11	5	0	0	0	1
PXD009142	7	68	58	10	16	9	0	2	5	0
PXD009144	1	43	27	16	10	3	0	1	0	0
PXD009149	1	56	45	11	18	4	0	1	0	0
PXD009158	0	46	28	18	13	8	0	0	0	0
PXD009161	0	38	17	21	5	3	0	0	0	0
PXD009174	3	44	33	11	8	10	0	2	0	1
PXD009181	4	51	32	19	16	2	0	3	0	1
PXD009196	2	43	35	8	6	10	0	1	0	1
PXD009197	1	42	31	11	9	6	0	0	0	1
PXD009206	0	38	20	18	7	7	0	0	0	0
PXD009216	3	45	37	8	8	15	0	3	0	0
PXD009234	4	45	31	14	12	4	0	1	2	1
PXD009241	3	47	36	11	13	11	0	2	0	1
PXD009254	0	40	21	19	7	1	0	0	0	0
PXD009265	3	79	62	17	18	16	0	0	0	3
PXD009266	3	44	25	19	11	4	0	1	1	1
PXD009267	1	43	22	21	10	5	0	0	0	1
PXD009276	0	42	23	19	7	9	0	0	0	0
PXD009292	2	47	28	19	14	7	0	1	0	1
PXD009295	1	48	27	21	9	6	0	1	0	0
PXD009300	2	39	18	21	6	5	0	2	0	0
PXD009302	1	49	28	21	11	7	0	0	0	1
PXD009310	0	41	24	17	6	4	0	0	0	0
PXD009317	0	52	36	16	20	7	0	0	0	0
PXD009321	2	47	30	17	5	9	0	2	0	0
PXD009327	2	40	31	9	6	13	0	1	0	1
PXD009343	1	45	31	14	12	4	0	1	0	0
PXD009348	0	41	17	24	8	3	0	0	0	0
PXD009350	3	47	34	13	13	3	0	1	2	0
PXD009360	1	50	31	19	17	6	0	1	0	0
PXD009366	1	41	25	16	11	6	0	1	0	0
PXD009367	1	56	45	11	17	9	0	1	0	0
PXD009374	6	43	35	8	10	11	0	3	2	1
PXD009380	1	41	18	23	7	2	0	0	0	1
PXD009389	1	49	41	8	17	7	0	0	0	1
PXD009393	4	50	35	15	13	14	0	2	0	2
PXD009426	1	49	32	17	13	5	0	1	0	0
PXD009442	1	46	30	16	14	5	0	1	0	0
PXD009444	2	60	46	14	19	13	0	1	0	1
PXD009453	1	50	32	18	16	11	0	1	0	0
PXD009476	4	53	41	12	14	8	0	0	2	2
PXD009477	1	40	24	16	7	2	0	1	0	0
PXD009487	1	52	43	9	19	16	0	1	0	0
PXD009495	2	46	29	17	14	2	0	0	2	0
PXD009500	3	47	31	16	7	17	0	2	1	0
PXD009515	1	49	24	25	9	7	0	1	0	0
PXD009553	0	54	43	11	17	8	0	0	0	0
PXD009557	1	50	28	22	16	2	0	1	0	0
PXD009560	1	44	28	16	10	5	0	0	1	0
PXD009561	3	40	25	15	8	6	0	2	1	0
PXD009565	0	41	23	18	7	5	0	0	0	0
PXD009570	0	49	34	15	12	13	0	0	0	0
PXD009578	0	50	36	14	10	5	0	0	0	0
PXD009592	0	50	31	19	11	7	0	0	0	0
PXD009596	1	40	20	20	5	6	0	0	0	1
PXD009600	3	42	27	15	12	5	0	0	3	0
PXD009603	1	52	31	21	16	7	0	0	0	1
PXD009606	0	41	26	15	8	6	0	0	0	0
PXD009624	1	52	30	22	10	6	0	1	0	0
PXD009645	6	51	36	15	13	4	0	4	1	1
PXD009646	0	55	36	19	19	4	0	0	0	0
PXD009709	3	50	37	13	12	13	0	1	2	0
PXD009716	0	42	23	19	7	5	0	0	0	0
PXD009724	0	124	23	101	8	2	0	0	0	0
PXD009737	0	39	21	18	6	6	0	0	0	0
PXD009741	2	44	21	23	13	9	0	1	0	1
PXD009747	2	41	23	18	10	9	0	1	0	1
PXD009759	3	46	22	24	11	7	0	1	0	2
PXD009760	3	43	23	20	10	9	0	1	0	2
PXD009781	1	48	30	18	11	4	0	1	0	0
PXD009784	0	40	26	14	7	7	0	0	0	0
PXD009797	1	55	31	24	8	7	0	0	0	1
PXD009801	1	55	43	12	15	9	0	0	0	1
PXD009803	2	47	32	15	15	6	0	1	1	0
PXD009830	0	45	27	18	12	4	0	0	0	0
PXD009838	1	49	34	15	15	8	0	1	0	0
PXD009839	0	42	20	22	10	4	0	0	0	0
PXD009861	1	46	25	21	11	5	0	1	0	0
PXD009868	5	44	29	15	8	8	0	3	0	2
PXD009870	2	46	30	16	10	13	0	1	0	1
PXD009880	2	41	23	18	10	4	0	2	0	0
PXD009891	4	43	32	11	10	9	0	2	2	0
PXD009893	2	49	29	20	13	6	0	2	0	0
PXD009895	9	61	51	10	11	11	0	2	4	3
PXD009900	4	49	29	20	10	10	0	4	0	0
PXD009916	0	44	26	18	13	4	0	0	0	0
PXD009917	1	42	27	15	11	6	0	1	0	0
PXD009924	0	50	40	10	12	8	0	0	0	0
PXD009931	1	44	27	17	11	7	0	0	0	1
PXD009933	2	43	36	7	12	9	0	0	2	0
PXD009936	0	40	13	27	7	1	0	0	0	0
PXD009948	5	43	29	14	10	10	0	2	2	1
PXD009950	3	40	16	24	8	4	0	2	0	1
PXD009996	0	44	27	17	12	4	0	0	0	0
PXD010005	0	46	20	26	11	2	0	0	0	0
PXD010027	1	41	22	19	7	4	0	1	0	0
PXD010061	0	46	26	20	13	10	0	0	0	0
PXD010073	0	38	26	12	8	6	0	0	0	0
PXD010075	1	41	22	19	8	5	0	0	0	1
PXD010088	0	47	24	23	10	4	0	0	0	0
PXD010093	0	46	35	11	10	9	0	0	0	0
PXD010103	6	62	49	13	17	17	0	0	4	2
PXD010122	1	38	14	24	4	5	0	1	0	0
PXD010124	0	48	32	16	15	14	0	0	0	0
PXD010132	2	40	17	23	9	7	0	0	1	1
PXD010142	5	72	54	18	25	4	0	0	0	5
PXD010145	1	48	25	23	14	9	0	0	0	1
PXD010150	1	57	45	12	15	7	0	0	0	1
PXD010154	1	87	75	12	41	9	0	0	0	1
PXD010155	0	53	40	13	14	15	0	0	0	0
PXD010202	1	44	27	17	10	5	0	0	0	1
PXD010210	1	42	22	20	9	5	0	0	0	1
PXD010223	1	38	16	22	5	5	0	0	0	1
PXD010260	0	44	35	9	7	7	1	0	0	0
PXD010271	1	46	22	24	12	4	0	1	0	0
PXD010284	0	38	23	15	6	7	0	0	0	0
PXD010286	0	42	25	17	11	6	0	0	0	0
PXD010296	0	49	26	23	11	1	0	0	0	0
PXD010361	3	49	38	11	14	6	0	2	0	1
PXD010372	5	53	38	15	10	2	0	1	0	4
PXD010393	3	52	38	14	15	8	0	1	0	2
PXD010406	6	47	31	16	11	9	0	2	3	1
PXD010445	3	52	32	20	15	11	0	1	0	2
PXD010466	2	46	31	15	12	8	0	1	1	0
PXD010469	0	40	25	15	8	5	0	0	0	0
PXD010516	3	41	15	26	5	5	0	2	0	1
PXD010520	1	42	12	30	1	3	0	1	0	0
PXD010527	1	45	24	21	11	3	0	1	0	0
PXD010538	3	57	41	16	16	7	0	2	0	1
PXD010579	2	41	28	13	8	6	0	0	0	2
PXD010606	0	48	31	17	14	3	0	0	0	0
PXD010622	2	45	22	23	9	1	0	0	0	2
PXD010630	2	48	24	24	14	10	0	1	0	1
PXD010634	1	47	40	7	12	8	0	0	1	0
PXD010690	2	42	30	12	8	10	0	2	0	0
PXD010698	2	41	28	13	8	3	0	2	0	0
PXD010708	0	45	32	13	10	8	0	0	0	0
PXD010786	1	44	25	19	10	6	0	1	0	0
PXD010787	1	43	26	17	8	11	0	1	0	0
PXD010805	1	52	44	8	20	16	0	0	1	0
PXD010821	2	45	29	16	10	5	0	0	0	2
PXD010870	2	40	19	21	8	7	0	1	0	1
PXD010941	4	51	39	12	17	10	0	2	2	0
PXD010942	3	52	40	12	15	12	0	1	2	0
PXD011000	1	42	28	14	9	9	0	1	0	0
PXD011009	0	40	13	27	5	2	0	0	0	0
PXD011033	1	50	36	14	15	2	0	0	1	0
PXD011042	4	57	44	13	17	4	2	4	0	0
PXD011075	1	41	19	22	7	3	0	0	0	1
PXD011124	3	65	41	24	29	3	0	0	0	3
PXD011146	2	38	18	20	7	7	0	2	0	0
PXD011152	1	39	19	20	5	4	0	0	0	1
PXD011175	0	46	27	19	10	1	0	0	0	0
PXD011183	2	46	31	15	11	9	1	2	0	0
PXD011204	1	48	24	24	13	4	0	1	0	0
PXD011241	3	40	22	18	8	3	0	1	2	0
PXD011242	1	43	25	18	11	7	0	1	0	0
PXD011256	1	44	21	23	8	6	0	1	0	0
PXD011301	4	46	29	17	14	7	0	2	2	0
PXD011309	1	49	37	12	12	9	0	0	1	0
PXD011456	0	40	25	15	7	5	0	0	0	0
PXD011467	1	42	23	19	9	6	0	0	0	1
PXD011492	1	41	27	14	8	7	0	1	0	0
PXD011599	0	58	49	9	16	6	0	0	0	0
PXD011609	0	42	25	17	10	3	0	0	0	0
PXD011618	3	44	27	17	11	11	0	2	0	1
PXD011839	0	49	36	13	11	9	0	0	0	0
PXD011960	3	48	29	19	14	9	0	2	0	1
PXD012755	1	40	13	27	7	3	0	0	0	1
PXD012792	0	44	24	20	8	6	0	0	0	0
PXD013523	2	50	37	13	14	3	0	1	0	1
PXD013868	5	56	36	20	9	2	0	1	0	4
PXD013923	1	45	35	10	13	8	0	0	1	0
PXD015957	3	45	30	15	12	5	0	1	0	2
PXD016199	3	40	29	11	5	5	0	0	3	0
PXD016273	2	44	27	17	5	11	0	1	1	0
PXD017799	1	44	29	15	10	7	0	0	0	1
PXD018110	4	51	40	11	19	7	0	1	2	1
PXD019817	4	46	30	16	9	5	0	0	2	2
PXD020122	0	42	28	14	8	8	0	0	0	0
PXD020164	0	43	26	17	8	5	0	0	0	0
PXD020187	2	41	29	12	9	10	0	2	0	0
PXD020192	1	56	40	16	18	6	0	1	0	0
PXD020352	1	44	32	12	9	6	0	1	0	0
PXD021106	1	38	19	19	5	7	0	1	0	0
PXD021401	6	46	37	9	10	11	0	1	2	3
PXD022843	2	38	19	19	7	4	0	1	0	1
PXD022983	2	46	35	11	10	5	0	0	2	0
PXD025899	1	42	31	11	7	5	0	0	0	1
PXD028393	0	47	38	9	11	2	0	0	0	0
PXD029400	3	57	43	14	19	5	0	1	2	0
PXD030804	1	41	15	26	9	5	0	0	0	1
PXD030990	1	40	28	12	6	6	0	1	0	0
PXD032918	1	63	54	9	17	12	0	0	0	1
PXD035447	0	40	22	18	7	5	0	0	0	0
PXD035780	2	49	31	18	15	5	0	0	0	2
PXD036023	3	41	21	20	10	4	0	2	0	1
PXD036633	0	38	12	26	6	2	0	0	0	0
PXD037340	1	42	25	17	2	3	0	0	0	1
PXD037654	3	44	29	15	11	5	0	0	0	3
PXD046331	2	44	31	13	10	12	0	2	0	0
PXD046357	1	46	26	20	9	8	0	0	0	1
PXD046372	5	52	37	15	14	15	0	1	1	3
PXD046393	0	41	21	20	9	9	0	0	0	0
PXD046405	1	50	31	19	11	4	0	0	0	1
PXD046412	0	45	27	18	9	10	0	0	0	0
PXD046413	0	40	19	21	5	5	0	0	0	0
PXD046414	0	46	24	22	9	5	0	0	0	0
PXD046417	2	47	24	23	11	6	0	0	1	1
PXD046438	2	41	24	17	9	6	0	2	0	0
PXD046451	3	47	37	10	10	4	0	2	1	0
PXD046457	1	50	31	19	16	1	0	1	0	0
PXD046462	4	49	41	8	13	14	0	3	1	0
PXD046463	2	44	22	22	9	3	0	2	0	0
PXD046497	4	48	36	12	10	11	0	0	4	0
PXD046500	4	47	36	11	15	14	0	1	2	1
PXD046508	2	40	22	18	5	5	0	1	0	1
PXD046525	1	40	23	17	5	2	0	0	0	1
PXD046534	1	53	36	17	13	3	0	1	0	0
PXD046544	2	49	39	10	13	8	0	0	1	1
PXD046550	5	47	36	11	10	9	0	0	4	1
PXD046571	3	46	31	15	12	8	0	1	0	2
PXD046582	2	47	33	14	9	11	0	2	0	0
PXD046587	0	39	18	21	4	5	0	0	0	0
PXD046637	1	49	31	18	11	7	0	1	0	0
PXD046640	0	50	36	14	13	7	1	0	0	0
PXD046656	0	41	19	22	7	4	0	0	0	0
PXD046660	2	39	21	18	5	4	1	2	0	0
PXD046676	4	52	42	10	15	4	4	4	0	0
PXD046709	0	40	12	28	8	1	0	0	0	0
PXD046711	1	43	26	17	8	6	0	1	0	0
PXD046731	2	45	27	18	10	10	0	1	0	1
PXD046734	5	51	39	12	10	8	0	2	2	1
PXD046735	0	39	19	20	6	8	0	0	0	0
PXD046738	0	58	47	11	16	7	0	0	0	0
PXD046742	1	40	26	14	6	10	0	1	0	0
PXD046754	0	48	26	22	11	8	0	0	0	0
PXD046760	0	53	36	17	15	4	0	0	0	0
PXD046786	0	60	46	14	18	8	0	0	0	0
PXD046787	2	43	23	20	12	4	0	0	1	1
PXD046793	0	43	21	22	5	5	0	0	0	0
PXD046808	3	49	31	18	12	8	0	1	0	2
PXD046815	0	42	32	10	8	5	0	0	0	0
PXD046822	0	48	35	13	13	14	0	0	0	0
PXD046846	2	46	31	15	11	4	0	0	0	2
PXD046852	0	45	25	20	8	3	0	0	0	0
PXD046855	1	40	13	27	6	3	0	1	0	0
PXD046856	1	42	27	15	4	3	0	0	0	1
PXD046871	0	52	42	10	15	9	0	0	0	0
PXD046955	1	46	28	18	10	4	0	1	0	0
PXD046956	1	41	26	15	6	11	0	0	0	1
PXD046976	2	60	43	17	13	14	0	2	0	0
PXD046988	2	40	22	18	9	6	0	1	0	1
PXD046995	1	46	31	15	11	6	0	1	0	0
PXD046996	2	44	29	15	9	9	0	2	0	0
PXD047005	2	45	22	23	8	4	0	2	0	0
PXD047009	2	42	24	18	8	8	0	2	0	0
PXD047019	2	44	37	7	11	10	3	0	2	0
PXD047020	1	40	18	22	5	3	0	1	0	0
PXD047036	1	42	30	12	11	7	0	1	0	0
PXD047040	2	44	33	11	7	9	0	0	2	0
PXD047043	1	42	27	15	7	8	0	1	0	0
PXD047057	1	44	25	19	10	5	0	1	0	0
PXD047062	3	41	26	15	8	6	0	1	1	1
PXD047066	3	41	26	15	7	3	0	2	0	1
PXD047071	2	43	22	21	9	4	0	1	0	1
PXD047102	1	40	21	19	9	9	0	1	0	0
PXD047108	0	46	32	14	8	5	0	0	0	0
PXD047111	1	48	37	11	11	9	0	1	0	0
PXD047133	1	49	27	22	13	2	0	1	0	0
PXD047134	2	50	34	16	14	5	0	0	2	0
PXD047157	5	58	42	16	21	12	0	0	2	3
PXD047169	3	51	37	14	7	4	0	1	1	1
PXD047178	3	40	21	19	7	11	0	2	0	1
PXD047200	2	38	22	16	6	3	0	1	0	1
PXD047202	1	46	29	17	10	6	0	1	0	0
PXD047228	2	42	19	23	6	5	0	2	0	0
PXD047241	0	46	27	19	12	6	0	0	0	0
PXD047261	1	63	48	15	16	5	0	0	0	1
PXD047271	0	39	20	19	7	4	0	0	0	0
PXD047313	0	45	34	11	8	8	0	0	0	0
PXD047324	0	46	33	13	12	10	0	0	0	0
PXD047331	1	40	13	27	5	1	0	1	0	0
PXD047339	1	44	30	14	9	4	0	1	0	0
PXD047367	0	42	31	11	9	5	0	0	0	0
PXD047386	1	47	34	13	10	7	0	0	1	0
PXD047412	1	46	32	14	10	5	0	0	0	1
PXD047413	1	42	24	18	11	4	0	1	0	0
PXD047435	2	38	17	21	5	3	0	2	0	0
PXD047436	0	39	16	23	4	2	1	0	0	0
PXD047438	1	38	16	22	4	5	0	1	0	0
PXD047450	0	44	29	15	9	4	0	0	0	0
PXD047507	3	49	34	15	11	10	0	1	0	2
PXD047527	2	40	17	23	6	4	0	2	0	0
PXD047528	4	42	18	24	10	3	0	1	0	3
PXD047566	1	43	24	19	6	4	0	1	0	0
PXD047573	1	47	28	19	12	4	0	0	0	1
PXD047574	2	47	37	10	8	10	0	2	0	0
PXD047577	0	42	30	12	8	9	0	0	0	0
PXD047604	3	43	32	11	7	9	0	3	0	0
PXD047613	0	49	36	13	9	9	0	0	0	0
PXD047674	1	41	14	27	7	0	0	0	0	1
PXD047716	0	49	29	20	15	6	0	0	0	0
PXD047725	1	39	19	20	4	5	0	1	0	0
PXD047758	2	45	25	20	10	6	0	0	2	0
PXD047766	2	39	22	17	7	7	0	1	1	0
PXD047774	2	42	28	14	9	7	0	2	0	0
PXD047819	0	41	23	18	8	3	0	0	0	0
PXD047823	3	45	35	10	11	9	0	2	0	1
PXD047828	0	40	16	24	5	2	0	0	0	0
PXD047844	1	39	13	26	4	2	0	1	0	0
PXD047864	0	56	44	12	12	14	0	0	0	0
PXD047878	0	47	39	8	10	6	0	0	0	0
PXD047901	0	57	52	5	13	8	0	0	0	0
PXD047905	1	41	28	13	8	7	0	0	0	1
PXD047910	4	46	31	15	11	5	0	2	1	1
PXD047914	0	38	9	29	3	5	0	0	0	0
PXD047930	2	50	32	18	14	8	0	1	1	0
PXD047936	1	43	27	16	9	10	0	1	0	0
PXD047958	2	43	26	17	12	5	0	1	0	1
PXD047979	8	61	49	12	13	6	0	2	6	0
PXD047989	1	38	14	24	5	4	0	1	0	0
PXD048004	1	45	33	12	11	8	0	1	0	0
PXD048009	0	46	36	10	13	14	0	0	0	0
PXD048018	4	48	40	8	6	12	0	2	1	1
PXD048034	1	39	20	19	5	3	0	1	0	0
PXD048041	1	48	31	17	9	5	0	0	1	0
PXD048054	2	44	23	21	12	8	0	1	0	1
PXD048082	2	48	33	15	7	6	0	2	0	0
PXD048091	1	52	35	17	20	11	0	1	0	0
PXD048098	0	44	29	15	11	5	0	0	0	0
PXD048101	1	38	8	30	2	3	0	1	0	0
PXD048102	1	38	8	30	3	3	0	1	0	0
PXD048170	1	38	15	23	6	7	0	1	0	0
PXD048180	0	45	21	24	11	2	0	0	0	0
PXD048186	4	40	28	12	9	9	0	1	2	1
PXD048225	0	52	27	25	7	5	0	0	0	0
PXD048228	2	40	27	13	6	9	0	2	0	0
PXD048312	0	38	11	27	3	4	0	0	0	0
PXD048323	1	54	45	9	13	16	0	0	0	1
PXD048361	1	55	36	19	10	5	0	1	0	0
PXD048380	0	44	26	18	6	3	0	0	0	0
PXD048393	0	42	28	14	9	7	0	0	0	0
PXD048450	3	48	28	20	15	10	0	2	0	1
PXD048460	1	46	27	19	12	4	0	1	0	0
PXD048464	0	49	38	11	9	4	0	0	0	0
PXD048479	0	49	33	16	15	7	0	0	0	0
PXD048503	3	46	26	20	8	6	0	2	0	1
PXD048511	1	41	17	24	8	4	0	1	0	0
PXD048529	1	50	38	12	10	6	0	0	0	1
PXD048532	0	60	46	14	13	9	0	0	0	0
PXD048534	0	42	33	9	7	6	0	0	0	0
PXD048538	8	71	59	12	15	9	0	0	4	4
PXD048553	1	53	43	10	14	6	0	0	0	1
PXD048556	1	39	18	21	4	4	0	0	0	1
PXD048589	3	49	31	18	16	7	0	1	0	2
PXD048603	3	51	39	12	15	10	0	0	2	1
PXD048606	1	47	30	17	12	4	0	0	0	1
PXD048618	1	52	40	12	9	6	0	0	0	1
PXD048623	0	42	22	20	7	6	0	0	0	0
PXD048637	0	55	37	18	16	6	0	0	0	0
PXD048645	0	45	27	18	6	8	0	0	0	0
PXD048647	1	41	27	14	8	4	0	1	0	0
PXD048675	0	48	37	11	8	10	0	0	0	0
PXD048682	1	42	25	17	8	9	0	1	0	0
PXD048691	5	38	19	19	4	4	0	1	4	0
PXD048696	3	49	34	15	13	3	1	3	0	0
PXD048718	1	50	36	14	8	12	0	1	0	0
PXD048734	0	47	21	26	10	3	0	0	0	0
PXD048767	0	46	28	18	13	3	0	0	0	0
PXD048830	1	52	41	11	11	8	0	0	0	1
PXD048839	0	43	29	14	12	3	0	0	0	0
PXD048840	0	43	28	15	11	5	0	0	0	0
PXD048849	0	42	28	14	10	10	0	0	0	0
PXD048853	2	40	24	16	7	3	0	1	0	1
PXD048866	4	41	30	11	5	7	0	1	0	3
PXD048880	3	44	32	12	9	4	0	1	2	0
PXD048906	1	41	18	23	6	3	0	1	0	0
PXD048929	1	46	27	19	11	9	0	1	0	0
PXD048931	2	46	27	19	11	7	0	2	0	0
PXD048934	2	54	41	13	14	8	1	2	0	0
PXD048938	2	50	37	13	14	5	0	2	0	0
PXD048963	0	44	22	22	6	3	0	0	0	0
PXD048968	0	48	33	15	15	12	0	0	0	0
PXD048975	2	43	27	16	9	5	0	1	0	1
PXD049018	1	45	25	20	14	5	0	1	0	0
PXD049019	3	43	34	9	11	5	0	3	0	0
PXD049034	3	43	31	12	9	6	0	0	2	1
PXD049067	1	46	35	11	11	9	0	0	1	0
PXD049082	0	41	18	23	7	4	0	0	0	0
PXD049087	0	39	19	20	7	4	0	0	0	0
PXD049091	0	40	15	25	5	2	0	0	0	0
PXD049116	1	53	37	16	14	6	0	1	0	0
PXD049181	2	44	27	17	9	12	0	1	0	1
PXD049211	6	48	32	16	12	14	0	2	3	1
PXD049235	0	45	27	18	12	4	0	0	0	0
PXD049249	1	48	27	21	13	6	0	1	0	0
PXD049261	2	43	28	15	11	3	0	1	0	1
PXD049284	0	49	38	11	16	12	0	0	0	0
PXD049295	0	41	22	19	8	2	0	0	0	0
PXD049299	0	45	35	10	11	6	0	0	0	0
PXD049302	1	40	28	12	9	7	0	0	1	0
PXD049330	0	42	24	18	8	2	0	0	0	0
PXD049336	3	62	47	15	13	7	0	1	0	2
PXD049339	0	51	33	18	9	5	0	0	0	0
PXD049366	0	47	28	19	11	6	0	0	0	0
PXD049377	1	44	28	16	6	14	0	0	0	1
PXD049427	1	42	22	20	9	5	0	1	0	0
PXD049681	1	43	22	21	8	6	0	1	0	0
PXD049682	2	49	36	13	13	5	1	2	0	0
PXD049684	1	48	34	14	11	12	0	1	0	0
PXD049708	1	49	30	19	12	1	0	0	0	1
PXD049793	0	38	13	25	2	2	0	0	0	0
PXD049795	1	44	27	17	7	3	0	1	0	0
PXD049957	0	49	36	13	11	2	0	0	0	0
PXD049998	1	41	26	15	10	3	0	1	0	0
PXD050005	2	43	27	16	10	10	0	1	0	1
PXD050045	0	68	56	12	15	14	0	0	0	0
PXD050049	1	43	25	18	8	7	0	1	0	0
PXD050077	1	46	29	17	11	5	0	0	0	1
PXD050085	1	39	17	22	7	4	0	0	0	1
PXD050090	0	40	18	22	6	4	0	0	0	0
PXD050113	2	42	24	18	9	8	0	0	0	2
PXD050135	3	45	27	18	8	4	0	3	0	0
PXD050141	1	44	25	19	8	4	0	1	0	0
PXD050209	0	45	30	15	9	16	0	0	0	0
PXD050237	2	38	16	22	5	4	0	1	0	1
PXD050256	0	56	41	15	20	5	0	0	0	0
PXD050260	0	47	34	13	17	6	0	0	0	0
PXD050279	0	41	20	21	7	2	0	0	0	0
PXD050287	2	47	30	17	3	4	0	0	0	2
PXD050300	1	41	24	17	8	4	0	1	0	0
PXD050321	2	47	36	11	15	6	0	2	0	0
PXD050351	2	50	34	16	16	4	0	0	1	1
PXD050371	1	46	24	22	11	5	0	0	0	1
PXD050391	1	41	19	22	4	5	0	1	0	0
PXD050402	1	51	34	17	15	7	0	1	0	0
PXD050410	1	44	28	16	9	4	0	1	0	0
PXD050416	2	49	35	14	12	10	0	1	0	1
PXD050445	0	53	41	12	16	6	0	0	0	0
PXD050453	2	55	38	17	14	7	0	0	0	2
PXD050479	0	41	26	15	9	9	0	0	0	0
PXD050539	1	47	27	20	16	2	0	0	0	1
PXD050547	1	52	40	12	17	3	0	0	0	1
PXD050548	1	49	26	23	8	5	0	1	0	0
PXD050555	4	41	26	15	9	6	0	4	0	0
PXD050557	0	38	11	27	2	2	0	0	0	0
PXD050565	1	44	30	14	10	5	0	1	0	0
PXD050580	4	55	42	13	12	6	0	0	4	0
PXD050581	9	86	73	13	23	9	0	1	8	0
PXD050618	1	47	29	18	12	10	0	0	1	0
PXD050623	1	53	34	19	13	4	0	1	0	0
PXD050625	2	49	36	13	15	7	0	2	0	0
PXD050628	1	46	33	13	13	4	0	1	0	0
PXD050688	2	41	29	12	10	8	0	1	0	1
PXD050727	1	44	27	17	10	5	0	1	0	0
PXD050738	1	42	26	16	11	9	0	0	0	1
PXD050772	0	52	35	17	12	2	0	0	0	0
PXD050782	0	44	28	16	13	9	0	0	0	0
PXD050841	1	43	25	18	5	3	0	0	0	1
PXD050844	3	41	26	15	10	4	0	2	0	1
PXD050871	1	41	19	22	10	4	1	1	0	0
PXD050884	1	42	17	25	8	6	0	1	0	0
PXD050892	1	41	24	17	9	4	0	1	0	0
PXD050904	3	59	43	16	10	0	0	1	1	1
PXD050909	4	63	49	14	16	7	0	1	1	2
PXD050914	1	46	39	7	11	6	0	1	0	0
PXD050916	4	45	31	14	8	4	1	2	2	0
PXD050935	0	39	18	21	7	6	0	0	0	0
PXD050950	3	41	27	14	8	2	0	1	2	0
PXD050985	2	41	23	18	7	5	0	1	0	1
PXD050986	1	50	32	18	15	5	0	1	0	0
PXD050990	1	44	28	16	11	8	0	1	0	0
PXD050991	0	40	22	18	6	4	0	0	0	0
PXD050996	0	44	26	18	11	3	0	0	0	0
PXD051015	0	45	33	12	10	8	0	0	0	0
PXD051016	0	42	25	17	9	4	0	0	0	0
PXD051056	1	41	20	21	9	7	0	0	0	1
PXD051062	1	48	28	20	8	3	0	0	0	1
PXD051072	1	46	25	21	11	7	0	0	0	1
PXD051088	0	41	24	17	8	10	0	0	0	0
PXD051089	1	40	24	16	7	7	0	1	0	0
PXD051093	4	50	42	8	12	6	0	1	3	0
PXD051148	2	53	33	20	14	9	0	1	0	1
PXD051174	1	43	21	22	12	6	0	1	0	0
PXD051182	1	42	23	19	9	4	0	0	0	1
PXD051187	0	39	17	22	7	4	0	0	0	0
PXD051197	2	44	24	20	6	9	0	1	0	1
PXD051204	1	40	19	21	6	4	1	1	0	0
PXD051224	0	49	30	19	17	7	0	0	0	0
PXD051231	0	41	18	23	5	3	0	0	0	0
PXD051269	0	40	18	22	8	0	0	0	0	0
PXD051393	2	40	19	21	8	8	0	1	0	1
PXD051400	0	47	32	15	12	8	0	0	0	0
PXD051404	0	41	17	24	9	3	0	0	0	0
PXD051415	1	44	21	23	12	1	0	0	0	1
PXD051418	0	51	34	17	12	9	0	0	0	0
PXD051473	0	43	29	14	11	7	1	0	0	0
PXD051482	5	52	43	9	12	12	0	2	3	0
PXD051538	2	43	21	22	7	5	0	2	0	0
PXD051592	1	46	29	17	15	8	0	0	0	1
PXD051602	1	42	31	11	11	7	0	1	0	0
PXD051640	1	43	32	11	8	11	0	1	0	0
PXD051677	3	54	44	10	15	7	0	0	2	1
PXD051678	4	40	18	22	7	3	0	3	0	1
PXD051689	1	38	15	23	5	2	0	0	0	1
PXD051696	2	47	21	26	10	5	0	1	0	1
PXD051697	1	41	20	21	8	7	0	1	0	0
PXD051706	0	43	24	19	9	1	0	0	0	0
PXD051710	0	39	18	21	7	4	0	0	0	0
PXD051715	1	50	36	14	11	8	0	1	0	0
PXD051723	2	70	59	11	30	29	0	0	0	2
PXD051734	4	41	19	22	5	3	0	1	3	0
PXD051737	0	51	29	22	11	9	0	0	0	0
PXD051745	2	41	21	20	6	6	0	2	0	0
PXD051747	1	51	39	12	18	15	0	0	0	1
PXD051803	0	48	32	16	9	7	0	0	0	0
PXD051840	3	41	21	20	9	9	0	1	1	1
PXD051849	0	44	25	19	9	2	0	0	0	0
PXD051859	0	43	28	15	9	3	0	0	0	0
PXD051876	0	49	29	20	12	4	0	0	0	0
PXD051889	0	48	29	19	12	5	0	0	0	0
PXD051904	0	39	18	21	7	5	0	0	0	0
PXD051958	1	42	22	20	10	5	0	0	0	1
PXD051962	1	42	25	17	8	5	0	1	0	0
PXD051967	1	38	23	15	6	6	0	0	0	1
PXD051981	0	38	20	18	7	7	0	0	0	0
PXD051985	0	42	23	19	10	3	0	0	0	0
PXD051995	2	38	18	20	5	8	0	1	0	1
PXD052011	3	52	35	17	13	11	0	1	0	2
PXD052022	5	55	40	15	15	7	0	1	4	0
PXD052033	0	45	28	17	10	8	0	0	0	0
PXD052083	3	46	33	13	13	10	0	1	2	0
PXD052143	0	52	38	14	16	7	0	0	0	0
PXD052176	1	38	19	19	5	1	0	0	1	0
PXD052184	0	43	25	18	12	2	0	0	0	0
PXD052203	3	62	52	10	26	19	0	1	0	2
PXD052205	0	41	23	18	10	2	0	0	0	0
PXD052254	0	44	32	12	12	8	0	0	0	0
PXD052259	1	41	29	12	8	6	0	0	0	1
PXD052305	4	77	67	10	31	20	0	2	0	2
PXD052306	1	39	25	14	7	8	0	0	0	1
PXD052317	1	44	19	25	4	8	0	1	0	0
PXD052324	0	39	23	16	7	7	0	0	0	0
PXD052414	1	41	22	19	8	6	0	1	0	0
PXD052554	1	45	32	13	11	8	0	1	0	0
PXD052555	1	46	28	18	9	9	0	1	0	0
PXD052627	1	43	22	21	8	5	0	1	0	0
PXD052666	1	49	42	7	10	4	0	1	0	0
PXD052718	0	39	15	24	3	2	0	0	0	0
PXD052720	1	41	25	16	7	6	0	1	0	0
PXD052726	1	43	28	15	7	7	0	0	1	0
PXD052745	0	56	39	17	20	13	0	0	0	0
PXD052756	2	46	35	11	13	10	0	1	0	1
PXD052767	1	43	22	21	11	6	0	1	0	0
PXD052806	0	41	23	18	7	6	0	0	0	0
PXD052809	1	41	26	15	9	4	0	1	0	0
PXD052831	0	39	18	21	8	3	0	0	0	0
PXD052854	6	57	46	11	16	6	0	2	4	0
PXD052868	0	41	21	20	7	1	0	0	0	0
PXD052904	2	40	20	20	8	4	0	1	0	1
PXD052912	1	39	29	10	7	9	0	1	0	0
PXD052949	2	49	36	13	13	7	0	1	0	1
PXD053008	9	46	34	12	10	13	0	8	0	1
PXD053039	4	44	24	20	5	3	0	2	0	2
PXD053043	2	52	34	18	15	6	0	1	0	1
PXD053100	3	50	32	18	18	6	0	3	0	0
PXD053105	0	50	35	15	12	6	0	0	0	0
PXD053138	0	52	42	10	15	13	0	0	0	0
PXD053141	0	42	14	28	6	2	0	0	0	0
PXD053197	1	39	14	25	4	2	0	1	0	0
PXD053198	0	40	28	12	10	6	0	0	0	0
PXD053228	2	54	46	8	14	8	0	0	0	2
PXD053264	0	53	29	24	16	13	0	0	0	0
PXD053278	0	40	25	15	8	7	0	0	0	0
PXD053290	1	39	17	22	6	3	0	0	0	1
PXD053300	0	45	28	17	10	8	0	0	0	0
PXD053308	5	65	56	9	19	7	0	1	4	0
PXD053315	0	39	20	19	8	3	0	0	0	0
PXD053353	2	38	16	22	6	7	0	0	2	0
PXD053362	1	48	37	11	11	11	0	1	0	0
PXD053405	1	50	32	18	13	3	0	0	0	1
PXD053450	4	60	53	7	20	3	0	1	1	2
PXD053474	3	51	31	20	14	6	0	3	0	0
PXD053500	1	40	27	13	6	11	0	0	0	1
PXD053502	1	45	33	12	11	8	0	1	0	0
PXD053560	2	50	33	17	15	4	0	2	0	0
PXD053578	1	50	37	13	12	7	0	1	0	0
PXD053579	3	50	30	20	10	5	0	2	0	1
PXD053582	3	53	34	19	10	8	0	2	1	0
PXD053613	1	44	28	16	10	13	0	1	0	0
PXD053677	1	46	34	12	11	15	0	1	0	0
PXD053783	1	40	22	18	10	6	0	1	0	0
PXD053814	2	42	31	11	9	3	0	0	2	0
PXD053837	2	42	21	21	7	4	0	0	0	2
PXD053864	3	46	34	12	11	10	0	1	0	2
PXD053865	1	38	15	23	4	3	0	0	0	1
PXD053866	1	48	32	16	12	4	0	1	0	0
PXD053880	1	38	15	23	6	5	0	1	0	0
PXD053882	0	42	20	22	9	2	0	0	0	0
PXD053894	0	48	28	20	17	4	0	0	0	0
PXD053929	3	40	25	15	6	10	0	1	2	0
PXD053942	0	41	22	19	8	4	0	0	0	0
PXD053945	1	40	22	18	6	5	0	1	0	0
PXD054002	1	42	22	20	10	3	0	1	0	0
PXD054016	0	43	28	15	11	8	0	0	0	0
PXD054028	3	43	25	18	9	7	0	1	0	2
PXD054033	0	39	14	25	5	3	0	0	0	0
PXD054042	1	41	26	15	7	5	0	0	0	1
PXD054065	4	42	26	16	9	6	0	2	2	0
PXD054069	0	44	31	13	9	5	0	0	0	0
PXD054073	0	51	32	19	13	8	0	0	0	0
PXD054119	1	49	33	16	14	3	0	1	0	0
PXD054144	0	41	25	16	10	3	0	0	0	0
PXD054149	0	43	24	19	7	4	0	0	0	0
PXD054183	2	48	26	22	12	6	0	2	0	0
PXD054197	0	40	17	23	5	1	0	0	0	0
PXD054207	2	44	28	16	8	5	0	2	0	0
PXD054242	1	41	22	19	9	7	0	0	0	1
PXD054248	1	45	25	20	10	6	0	1	0	0
PXD054298	3	49	38	11	13	7	0	2	0	1
PXD054300	3	51	36	15	14	7	0	2	0	1
PXD054301	0	48	30	18	12	6	0	0	0	0
PXD054304	4	50	40	10	17	5	0	0	0	4
PXD054317	3	42	21	21	8	3	0	2	0	1
PXD054323	3	45	32	13	13	7	0	1	1	1
PXD054336	6	45	33	12	9	5	0	1	3	2
PXD054378	2	61	41	20	26	11	0	1	0	1
PXD054388	0	43	26	17	7	11	0	0	0	0
PXD054390	1	48	29	19	13	10	0	1	0	0
PXD054405	0	38	23	15	7	8	0	0	0	0
PXD054428	2	48	34	14	11	6	0	2	0	0
PXD054449	2	42	26	16	9	7	0	2	0	0
PXD054505	1	44	27	17	7	5	0	1	0	0
PXD054556	0	42	21	21	8	6	0	0	0	0
PXD054611	0	40	16	24	10	4	0	0	0	0
PXD054667	1	46	31	15	13	10	0	1	0	0
PXD054671	1	47	33	14	12	6	0	1	0	0
PXD054675	2	52	41	11	15	13	0	1	0	1
PXD054678	1	44	19	25	8	2	0	0	0	1
PXD054681	1	44	26	18	12	8	0	1	0	0
PXD054686	1	51	33	18	13	1	0	0	0	1
PXD054701	1	47	35	12	10	11	0	0	0	1
PXD054717	1	49	29	20	10	11	0	1	0	0
PXD054722	0	38	18	20	8	2	0	0	0	0
PXD054783	1	46	24	22	12	4	0	0	0	1
PXD054857	1	45	22	23	10	8	0	1	0	0
PXD054861	1	43	25	18	12	3	0	1	0	0
PXD054972	1	43	22	21	7	3	0	1	0	0
PXD055011	2	38	14	24	2	6	0	0	0	2
PXD055123	3	40	20	20	6	7	0	2	1	0
PXD055141	5	77	65	12	19	7	0	1	4	0
PXD055168	3	41	21	20	10	6	1	3	0	0
PXD055192	6	72	60	12	18	10	0	0	5	1
PXD055223	4	52	35	17	12	4	0	0	3	1
PXD055227	1	42	26	16	9	7	0	1	0	0
PXD055242	2	43	27	16	9	4	0	1	0	1
PXD055262	1	52	42	10	14	10	0	1	0	0
PXD055275	0	43	20	23	8	1	0	0	0	0
PXD055348	2	53	36	17	15	8	0	0	0	2
PXD055375	1	41	16	25	7	5	0	1	0	0
PXD055466	2	43	26	17	10	6	0	0	0	2
PXD055473	2	42	28	14	10	9	0	2	0	0
PXD055535	3	42	25	17	9	11	0	2	0	1
PXD055566	0	42	19	23	6	7	0	0	0	0
PXD055586	3	56	43	13	15	5	0	0	2	1
PXD055605	7	85	78	7	33	26	0	1	4	2
PXD055623	1	50	35	15	12	9	0	0	0	1
PXD055631	0	44	26	18	12	6	0	0	0	0
PXD055633	0	48	29	19	13	4	0	0	0	0
PXD055737	1	43	31	12	9	7	0	1	0	0
PXD055766	2	43	31	12	7	11	0	2	0	0
PXD055775	1	42	29	13	11	5	0	1	0	0
PXD055814	3	50	32	18	14	8	0	1	1	1
PXD055818	3	44	35	9	12	13	0	3	0	0
PXD055884	1	42	22	20	10	7	0	1	0	0
PXD055898	2	41	22	19	8	3	1	1	0	1
PXD055923	0	40	25	15	4	4	0	0	0	0
PXD055943	0	45	33	12	11	2	0	0	0	0
PXD055950	5	60	46	14	19	12	0	0	2	3
PXD055956	1	40	15	25	7	4	0	1	0	0
PXD055973	1	48	31	17	8	19	0	1	0	0
PXD055978	0	43	23	20	10	2	0	0	0	0
PXD055983	1	40	21	19	6	8	0	1	0	0
PXD055984	0	42	27	15	9	8	0	0	0	0
PXD056026	1	48	30	18	14	5	0	1	0	0
PXD056040	0	43	19	24	8	5	0	0	0	0
PXD056059	0	43	19	24	8	1	0	0	0	0
PXD056061	0	45	28	17	11	6	0	0	0	0
PXD056064	0	40	16	24	6	2	0	0	0	0
PXD056070	1	41	17	24	9	6	0	1	0	0
PXD056077	4	60	51	9	16	8	0	2	0	2
PXD056079	2	39	14	25	5	6	0	2	0	0
PXD056087	1	51	33	18	18	5	0	1	0	0
PXD056092	0	42	19	23	8	3	0	0	0	0
PXD056095	1	47	25	22	12	2	0	1	0	0
PXD056096	1	43	22	21	11	6	0	0	0	1
PXD056099	1	45	25	20	11	4	0	1	0	0
PXD056103	2	44	25	19	10	7	0	2	0	0
PXD056141	0	44	26	18	11	6	0	0	0	0
PXD056153	1	42	30	12	7	10	0	1	0	0
PXD056156	2	50	33	17	13	8	0	1	0	1
PXD056160	2	38	10	28	3	5	0	1	0	1
PXD056164	1	50	32	18	16	5	0	1	0	0
PXD056168	2	42	24	18	11	8	0	0	2	0
PXD056170	0	38	22	16	6	5	0	0	0	0
PXD056176	1	50	32	18	15	4	0	1	0	0
PXD056181	1	41	20	21	9	5	0	0	0	1
PXD056183	4	55	36	19	13	6	0	4	0	0
PXD056187	1	44	26	18	9	5	0	1	0	0
PXD056189	0	43	22	21	5	5	0	0	0	0
PXD056192	2	49	27	22	12	1	0	2	0	0
PXD056194	3	50	33	17	14	7	0	3	0	0
PXD056196	3	50	32	18	14	6	0	3	0	0
PXD056197	7	54	38	16	15	8	0	6	0	1
PXD056199	1	62	46	16	15	8	0	1	0	0
PXD056206	3	42	29	13	11	10	0	1	2	0
PXD056212	1	44	25	19	10	3	0	0	0	1
PXD056248	3	38	22	16	5	5	3	3	0	0
PXD056251	1	45	28	17	10	6	0	1	0	0
PXD056281	1	46	31	15	11	7	0	1	0	0
PXD056286	4	46	29	17	11	5	0	0	3	1
PXD056291	2	41	30	11	9	7	0	0	2	0
PXD056295	2	42	24	18	6	13	0	2	0	0
PXD056300	4	50	37	13	14	6	0	1	2	1
PXD056314	1	53	36	17	17	8	0	1	0	0
PXD056331	1	40	20	20	6	5	0	0	0	1
PXD056345	4	40	24	16	4	10	0	3	0	1
PXD056347	1	39	21	18	7	5	0	0	0	1
PXD056371	1	49	37	12	13	10	0	0	0	1
PXD056390	2	50	36	14	12	8	0	2	0	0
PXD056421	0	43	24	19	11	5	0	0	0	0
PXD056432	2	41	31	10	6	10	0	2	0	0
PXD056446	3	40	19	21	9	8	0	3	0	0
PXD056463	0	52	36	16	8	3	0	0	0	0
PXD056469	0	39	20	19	6	7	0	0	0	0
PXD056475	2	51	27	24	6	12	0	1	0	1
PXD056479	2	54	46	8	18	11	0	0	2	0
PXD056490	0	42	27	15	10	5	0	0	0	0
PXD056499	2	43	26	17	12	4	0	2	0	0
PXD056514	2	65	55	10	22	23	0	1	0	1
PXD056535	1	51	31	20	15	3	0	0	0	1
PXD056539	0	44	25	19	10	2	0	0	0	0
PXD056541	1	46	29	17	10	6	0	1	0	0
PXD056559	0	44	20	24	7	3	0	0	0	0
PXD056564	2	40	20	20	7	5	0	2	0	0
PXD056620	2	43	29	14	8	7	0	1	0	1
PXD056689	2	40	24	16	5	2	0	1	0	1
PXD056690	1	53	32	21	15	12	0	0	1	0
PXD056695	2	54	38	16	16	5	0	0	2	0
PXD056701	0	39	12	27	5	3	0	0	0	0
PXD056703	0	38	18	20	6	5	0	0	0	0
PXD056736	2	48	27	21	12	12	0	0	1	1
PXD056759	0	47	30	17	13	8	0	0	0	0
PXD056781	3	42	19	23	8	5	1	3	0	0
PXD056783	1	43	23	20	9	3	0	1	0	0
PXD056788	2	45	28	17	11	8	0	1	0	1
PXD056789	1	51	42	9	16	7	0	1	0	0
PXD056865	0	47	32	15	13	7	0	0	0	0
PXD056894	2	55	36	19	13	10	0	1	0	1
PXD056902	1	52	39	13	12	10	0	1	0	0
PXD056908	0	42	17	25	8	3	0	0	0	0
PXD056909	1	48	34	14	10	6	0	1	0	0
PXD056910	1	41	20	21	5	3	0	1	0	0
PXD056940	1	45	24	21	7	3	0	0	1	0
PXD056941	0	44	24	20	10	3	0	0	0	0
PXD056946	0	43	27	16	9	10	0	0	0	0
PXD057003	1	45	30	15	10	4	0	1	0	0
PXD057005	0	49	34	15	11	6	0	0	0	0
PXD057009	1	38	13	25	6	5	0	1	0	0
PXD057012	3	60	42	18	27	13	0	2	0	1
PXD057020	0	39	14	25	8	5	0	0	0	0
PXD057024	1	41	24	17	6	6	0	1	0	0
PXD057028	4	46	34	12	10	7	1	3	0	1
PXD057067	3	45	27	18	12	4	0	1	0	2
PXD057096	0	41	21	20	9	3	0	0	0	0
PXD057122	3	50	38	12	9	1	0	1	2	0
PXD057149	1	51	42	9	16	16	0	1	0	0
PXD057155	0	40	28	12	7	9	0	0	0	0
PXD057157	0	41	23	18	9	10	0	0	0	0
PXD057177	2	47	26	21	11	5	0	1	1	0
PXD057192	1	42	26	16	8	5	0	0	0	1
PXD057196	3	44	30	14	8	1	0	0	3	0
PXD057205	1	55	41	14	16	7	0	0	0	1
PXD057208	0	44	23	21	10	6	0	0	0	0
PXD057211	0	47	27	20	13	1	0	0	0	0
PXD057253	0	39	22	17	6	3	0	0	0	0
PXD057269	1	56	39	17	12	0	0	0	1	0
PXD057319	0	44	28	16	8	3	0	0	0	0
PXD057347	3	55	33	22	19	5	0	2	0	1
PXD057348	5	50	39	11	12	5	0	2	2	1
PXD057360	0	48	28	20	14	4	0	0	0	0
PXD057374	1	46	25	21	10	9	0	1	0	0
PXD057390	1	45	28	17	10	3	0	1	0	0
PXD057394	0	44	23	21	11	6	0	0	0	0
PXD057405	0	45	26	19	13	5	0	0	0	0
PXD057426	0	38	17	21	5	5	0	0	0	0
PXD057431	0	54	37	17	19	9	0	0	0	0
PXD057448	1	43	22	21	11	7	0	1	0	0
PXD057456	2	39	14	25	6	5	0	2	0	0
PXD057470	3	42	31	11	11	10	0	2	0	1
PXD057472	3	48	39	9	14	8	0	2	1	0
PXD057481	1	44	23	21	9	11	0	1	0	0
PXD057491	1	44	25	19	10	3	0	1	0	0
PXD057527	2	43	27	16	12	8	0	2	0	0
PXD057576	1	46	34	12	11	9	0	1	0	0
PXD057588	3	49	30	19	13	4	0	1	2	0
PXD057599	0	38	14	24	4	2	0	0	0	0
PXD057601	1	44	30	14	11	11	0	0	0	1
PXD057614	0	45	29	16	8	5	0	0	0	0
PXD057615	1	45	25	20	10	7	0	0	0	1
PXD057632	2	53	37	16	13	5	0	0	1	1
PXD057672	2	41	19	22	7	4	0	0	2	0
PXD057674	0	47	28	19	10	6	0	0	0	0
PXD057677	4	43	29	14	8	7	0	2	0	2
PXD057692	2	42	18	24	5	8	0	2	0	0
PXD057703	0	50	34	16	15	3	0	0	0	0
PXD057707	0	43	18	25	9	2	0	0	0	0
PXD057708	1	47	35	12	12	6	0	1	0	0
PXD057759	2	42	26	16	10	4	0	1	0	1
PXD057760	2	46	31	15	9	6	0	1	1	0
PXD057778	3	46	34	12	14	4	0	1	0	2
PXD057789	3	44	28	16	8	7	0	2	0	1
PXD057800	2	42	31	11	6	8	0	1	1	0
PXD057813	0	40	20	20	8	8	0	0	0	0
PXD057832	2	42	24	18	8	6	0	1	0	1
PXD057842	1	50	32	18	16	5	0	1	0	0
PXD057847	3	47	31	16	15	9	0	1	2	0
PXD057848	1	211	130	81	57	5	0	0	1	0
PXD057859	1	54	34	20	10	3	0	0	0	1
PXD057890	1	48	32	16	9	11	0	0	0	1
PXD057905	2	48	29	19	14	6	0	1	0	1
PXD057932	1	39	18	21	6	3	0	0	1	0
PXD057944	2	39	27	12	6	11	0	0	2	0
PXD057950	0	45	24	21	11	5	0	0	0	0
PXD057968	0	44	31	13	10	7	0	0	0	0
PXD058014	2	40	18	22	5	3	0	1	0	1
PXD058024	5	41	29	12	9	5	0	3	1	1
PXD058027	2	40	25	15	9	6	0	2	0	0
PXD058040	6	74	64	10	19	15	0	3	1	2
PXD058049	0	46	36	10	12	11	0	0	0	0
PXD058072	2	44	29	15	10	9	0	1	0	1
PXD058075	2	46	29	17	12	6	0	1	0	1
PXD058080	2	45	29	16	11	4	0	0	0	2
PXD058156	0	45	25	20	6	3	0	0	0	0
PXD058160	0	43	26	17	9	2	0	0	0	0
PXD058173	0	39	16	23	3	3	0	0	0	0
PXD058191	3	44	17	27	3	7	0	2	1	0
PXD058196	2	65	52	13	34	7	0	2	0	0
PXD058235	1	48	30	18	15	10	0	1	0	0
PXD058247	2	41	18	23	6	4	0	1	1	0
PXD058256	1	51	41	10	16	9	0	0	1	0
PXD058292	0	45	27	18	10	13	0	0	0	0
PXD058308	1	44	21	23	11	6	0	1	0	0
PXD058312	3	47	31	16	14	8	0	2	1	0
PXD058318	0	45	32	13	11	14	0	0	0	0
PXD058320	1	43	28	15	11	9	0	1	0	0
PXD058323	2	42	22	20	11	3	2	2	0	0
PXD058347	1	42	23	19	8	4	0	0	0	1
PXD058348	2	39	20	19	7	6	0	1	0	1
PXD058373	3	44	28	16	6	7	0	2	1	0
PXD058384	2	50	33	17	9	4	0	1	0	1
PXD058407	0	44	18	26	6	1	0	0	0	0
PXD058412	0	50	33	17	16	6	0	0	0	0
PXD058418	0	44	29	15	12	8	0	0	0	0
PXD058422	1	49	32	17	9	6	0	0	1	0
PXD058425	5	59	48	11	15	8	0	2	2	1
PXD058465	0	53	35	18	18	5	0	0	0	0
PXD058471	1	47	28	19	9	8	0	1	0	0
PXD058481	1	45	26	19	8	10	0	1	0	0
PXD058491	1	52	30	22	13	3	0	1	0	0
PXD058514	2	41	22	19	6	6	0	2	0	0
PXD058523	1	39	18	21	7	7	0	1	0	0
PXD058539	3	42	21	21	7	9	0	3	0	0
PXD058540	1	41	25	16	9	6	0	1	0	0
PXD058541	2	50	36	14	12	8	0	1	0	1
PXD058544	0	42	18	24	6	6	0	0	0	0
PXD058567	1	70	58	12	17	11	0	0	0	1
PXD058569	2	53	42	11	17	9	0	1	0	1
PXD058574	0	48	23	25	13	3	0	0	0	0
PXD058579	1	44	35	9	11	8	0	1	0	0
PXD058584	2	61	44	17	14	9	0	1	0	1
PXD058606	0	42	23	19	10	6	0	0	0	0
PXD058612	4	52	39	13	13	6	0	0	2	2
PXD058618	1	43	30	13	12	13	0	0	0	1
PXD058621	0	42	26	16	8	10	0	0	0	0
PXD058655	0	41	18	23	8	0	0	0	0	0
PXD058659	0	46	25	21	10	3	0	0	0	0
PXD058661	3	42	30	12	7	6	0	1	2	0
PXD058689	2	41	23	18	9	7	0	1	0	1
PXD058694	0	47	24	23	12	3	0	0	0	0
PXD058706	2	47	35	12	10	10	0	0	1	1
PXD058709	0	43	29	14	11	4	0	0	0	0
PXD058716	1	38	30	8	7	11	0	0	0	1
PXD058717	1	41	30	11	9	8	0	1	0	0
PXD058727	1	41	26	15	8	6	0	1	0	0
PXD058744	2	65	55	10	19	7	0	2	0	0
PXD058753	2	38	24	14	6	10	0	0	1	1
PXD058764	2	50	26	24	15	6	0	2	0	0
PXD058777	1	47	36	11	12	10	0	1	0	0
PXD058785	2	43	23	20	7	1	0	0	0	2
PXD058802	1	38	18	20	6	5	0	1	0	0
PXD058814	0	42	19	23	7	1	0	0	0	0
PXD058816	1	41	21	20	7	1	0	0	0	1
PXD058846	3	58	47	11	18	5	0	1	2	0
PXD058847	0	40	14	26	6	3	0	0	0	0
PXD058852	2	54	43	11	14	10	0	0	0	2
PXD058868	1	51	34	17	14	3	0	0	0	1
PXD058882	1	45	29	16	9	7	0	0	1	0
PXD058913	0	44	32	12	8	8	0	0	0	0
PXD058914	0	43	18	25	9	2	0	0	0	0
PXD058918	5	62	50	12	20	18	1	3	0	2
PXD058948	1	42	28	14	7	6	0	1	0	0
PXD058963	1	44	34	10	10	6	0	1	0	0
PXD058971	3	61	44	17	24	11	0	2	0	1
PXD058992	4	44	33	11	8	5	0	2	0	2
PXD059003	1	57	44	13	16	4	0	0	0	1
PXD059044	0	40	12	28	6	1	0	0	0	0
PXD059046	0	39	15	24	8	4	0	0	0	0
PXD059054	1	46	22	24	7	9	0	1	0	0
PXD059088	1	43	25	18	10	8	0	1	0	0
PXD059092	0	42	24	18	8	4	0	0	0	0
PXD059093	2	50	38	12	13	6	0	0	2	0
PXD059115	1	43	28	15	12	2	0	1	0	0
PXD059236	2	41	22	19	7	8	0	2	0	0
PXD059271	0	38	15	23	5	1	0	0	0	0
PXD059339	2	42	21	21	8	4	0	0	0	2
PXD059345	2	41	25	16	9	15	0	1	0	1
PXD059356	1	44	30	14	11	6	0	1	0	0
PXD059386	2	43	30	13	11	4	0	1	0	1
PXD059390	3	78	68	10	20	6	0	0	1	2
PXD059416	3	73	64	9	13	21	0	2	0	1
PXD059419	4	72	60	12	22	14	0	2	1	1
PXD059428	5	68	60	8	16	10	0	0	2	3
PXD059471	0	39	13	26	3	2	0	0	0	0
PXD059474	1	48	26	22	14	5	0	1	0	0
PXD059513	1	43	29	14	7	10	0	1	0	0
PXD059522	2	44	30	14	10	4	0	1	0	1
PXD059544	2	42	30	12	10	9	0	1	1	0
PXD059550	0	43	30	13	13	11	0	0	0	0
PXD059552	0	40	22	18	6	6	0	0	0	0
PXD059565	0	43	24	19	9	5	0	0	0	0
PXD059566	1	45	26	19	12	5	0	1	0	0
PXD059593	1	43	30	13	12	9	0	1	0	0
PXD059597	1	47	32	15	16	13	0	1	0	0
PXD059598	1	39	28	11	5	8	0	0	0	1
PXD059599	7	66	53	13	17	9	0	0	5	2
PXD059659	1	47	37	10	8	7	0	1	0	0
PXD059661	0	46	36	10	10	8	0	0	0	0
PXD059671	6	52	39	13	10	3	0	2	2	2
PXD059683	1	55	39	16	22	3	0	0	0	1
PXD059716	2	56	45	11	15	11	0	2	0	0
PXD059752	1	38	19	19	5	6	0	1	0	0
PXD059782	1	49	32	17	11	1	0	0	0	1
PXD059789	2	45	33	12	9	6	0	2	0	0
PXD059803	0	45	30	15	9	5	0	0	0	0
PXD059828	0	40	18	22	5	2	0	0	0	0
PXD059881	1	42	27	15	5	7	0	0	0	1
PXD059885	0	65	51	14	28	7	0	0	0	0
PXD059892	7	58	42	16	15	5	0	1	0	6
PXD059932	2	43	24	19	10	7	0	2	0	0
PXD059940	2	47	37	10	10	12	0	2	0	0
PXD059942	2	43	22	21	8	9	0	2	0	0
PXD059945	1	54	40	14	11	9	0	1	0	0
PXD059964	0	42	29	13	10	8	0	0	0	0
PXD059966	2	41	13	28	4	2	0	1	0	1
PXD059976	1	47	34	13	13	7	0	0	0	1
PXD059977	2	44	30	14	9	7	1	2	0	0
PXD059985	0	42	23	19	7	10	0	0	0	0
PXD060014	0	38	8	30	3	1	0	0	0	0
PXD060027	3	56	44	12	14	14	0	1	2	0
PXD060033	0	50	32	18	12	2	0	0	0	0
PXD060034	5	47	37	10	11	6	0	1	4	0
PXD060045	2	46	30	16	13	12	0	0	1	1
PXD060046	1	60	53	7	13	9	0	1	0	0
PXD060047	0	45	25	20	11	4	0	0	0	0
PXD060057	1	54	34	20	15	11	0	0	0	1
PXD060102	5	46	31	15	15	6	0	2	0	3
PXD060109	3	56	37	19	21	6	0	1	0	2
PXD060121	1	44	27	17	8	5	0	1	0	0
PXD060126	0	42	27	15	9	6	0	0	0	0
PXD060138	0	40	15	25	7	4	0	0	0	0
PXD060153	1	60	51	9	10	9	0	1	0	0
PXD060261	1	47	30	17	9	10	0	1	0	0
PXD060280	0	45	26	19	13	3	0	0	0	0
PXD060285	0	48	24	24	10	1	0	0	0	0
PXD060304	3	49	30	19	16	7	0	2	0	1
PXD060305	1	42	25	17	8	8	0	1	0	0
PXD060307	1	47	33	14	15	7	0	1	0	0
PXD060317	1	44	29	15	11	9	0	0	0	1
PXD060326	1	42	26	16	9	10	0	1	0	0
PXD060340	1	59	42	17	19	4	0	0	0	1
PXD060357	1	44	31	13	9	10	0	1	0	0
PXD060372	6	40	20	20	7	8	0	5	0	1
PXD060381	5	39	24	15	5	4	0	2	2	1
PXD060406	2	43	32	11	11	13	0	1	0	1
PXD060429	0	41	19	22	9	1	0	0	0	0
PXD060457	2	41	22	19	5	5	0	2	0	0
PXD060483	1	42	24	18	7	7	0	1	0	0
PXD060519	0	41	26	15	10	6	0	0	0	0
PXD060570	0	41	20	21	8	7	0	0	0	0
PXD060572	1	44	31	13	14	11	0	1	0	0
PXD060575	2	52	40	12	19	4	0	1	0	1
PXD060621	0	43	19	24	4	3	0	0	0	0
PXD060653	0	43	26	17	9	2	0	0	0	0
PXD060675	1	47	34	13	16	5	0	1	0	0
PXD060708	1	47	31	16	13	8	0	0	1	0
PXD060714	5	51	36	15	17	7	0	2	0	3
PXD060715	3	41	24	17	9	7	0	1	2	0
PXD060761	0	44	23	21	12	3	0	0	0	0
PXD060764	1	45	28	17	12	8	0	1	0	0
PXD060781	2	40	23	17	7	6	0	1	0	1
PXD060786	0	49	35	14	11	5	0	0	0	0
PXD060795	0	40	20	20	5	4	0	0	0	0
PXD060798	0	39	19	20	6	0	0	0	0	0
PXD060808	0	40	18	22	7	7	0	0	0	0
PXD060811	4	44	24	20	8	4	0	2	0	2
PXD060812	1	47	32	15	11	4	0	1	0	0
PXD060829	1	39	16	23	3	3	0	1	0	0
PXD060843	1	49	31	18	14	3	0	1	0	0
PXD060844	0	39	25	14	7	5	0	0	0	0
PXD060852	5	43	36	7	8	10	0	3	2	0
PXD060854	5	57	48	9	9	7	0	3	2	0
PXD060875	1	45	30	15	9	5	0	0	0	1
PXD060878	0	44	33	11	14	12	0	0	0	0
PXD060883	0	45	31	14	11	4	0	0	0	0
PXD060886	4	45	31	14	9	10	0	3	0	1
PXD060890	0	49	31	18	8	9	0	0	0	0
PXD060898	1	44	29	15	13	6	0	1	0	0
PXD060912	3	50	41	9	16	19	0	0	2	1
PXD060917	1	50	31	19	13	5	0	0	0	1
PXD060935	3	42	28	14	8	6	0	1	2	0
PXD060937	4	52	40	12	14	5	0	1	2	1
PXD060946	1	42	22	20	8	9	0	0	0	1
PXD060950	1	56	49	7	15	7	0	1	0	0
PXD060971	0	39	10	29	3	0	0	0	0	0
PXD060976	2	40	21	19	6	4	0	2	0	0
PXD060980	3	45	34	11	11	8	0	1	2	0
PXD060982	2	45	26	19	12	7	0	2	0	0
PXD061015	3	56	47	9	16	4	0	0	1	2
PXD061019	1	45	30	15	11	3	0	0	0	1
PXD061038	1	47	30	17	10	7	0	1	0	0
PXD061048	2	43	33	10	9	9	0	2	0	0
PXD061050	6	62	51	11	19	12	0	2	2	2
PXD061059	2	40	21	19	8	5	0	1	0	1
PXD061073	3	60	49	11	18	9	0	1	2	0
PXD061092	3	48	33	15	16	12	0	2	0	1
PXD061097	4	42	31	11	9	5	0	0	2	2
PXD061103	3	46	34	12	10	5	0	1	2	0
PXD061104	3	55	40	15	11	9	0	1	2	0
PXD061117	3	41	25	16	6	5	0	2	0	1
PXD061144	1	48	38	10	11	8	0	0	1	0
PXD061161	1	41	27	14	9	5	0	1	0	0
PXD061173	2	43	27	16	11	1	0	0	2	0
PXD061178	1	54	36	18	15	1	0	0	1	0
PXD061183	3	49	35	14	10	7	0	0	2	1
PXD061195	1	53	41	12	11	6	0	1	0	0
PXD061212	0	50	31	19	11	7	0	0	0	0
PXD061267	2	41	27	14	7	6	0	0	0	2
PXD061275	0	46	30	16	10	5	0	0	0	0
PXD061276	1	47	38	9	12	8	0	1	0	0
PXD061285	0	40	17	23	4	3	0	0	0	0
PXD061290	0	40	26	14	10	4	0	0	0	0
PXD061302	1	55	40	15	15	4	0	1	0	0
PXD061306	0	41	23	18	7	2	0	0	0	0
PXD061307	3	44	33	11	10	5	3	1	2	0
PXD061384	0	40	23	17	6	3	0	0	0	0
PXD061399	1	44	24	20	12	4	0	1	0	0
PXD061404	1	59	48	11	13	8	0	1	0	0
PXD061408	3	45	27	18	10	5	1	3	0	0
PXD061427	2	50	30	20	17	4	0	0	0	2
PXD061454	5	53	34	19	8	10	0	3	2	0
PXD061466	1	49	30	19	16	5	0	0	0	1
PXD061467	3	40	24	16	8	6	0	1	2	0
PXD061491	0	38	15	23	6	7	0	0	0	0
PXD061537	2	47	34	13	11	6	0	2	0	0
PXD061565	0	46	20	26	5	7	0	0	0	0
PXD061570	1	40	25	15	8	5	0	0	0	1
PXD061576	1	47	28	19	11	6	0	1	0	0
PXD061586	0	51	34	17	15	8	0	0	0	0
PXD061593	1	47	36	11	10	4	0	0	1	0
PXD061596	1	46	27	19	12	6	0	1	0	0
PXD061602	1	42	29	13	6	8	0	1	0	0
PXD061604	2	45	33	12	10	7	0	0	0	2
PXD061609	0	43	25	18	7	7	0	0	0	0
PXD061620	0	43	28	15	10	3	0	0	0	0
PXD061637	0	39	13	26	5	1	0	0	0	0
PXD061638	3	43	24	19	8	3	0	1	0	2
PXD061658	2	49	32	17	12	12	0	2	0	0
PXD061660	0	41	21	20	8	5	0	0	0	0
PXD061667	2	52	33	19	13	2	0	1	1	0
PXD061693	4	46	26	20	12	3	0	3	1	0
PXD061694	1	49	33	16	15	4	0	1	0	0
PXD061696	3	50	38	12	15	5	0	1	2	0
PXD061698	1	40	17	23	7	9	0	1	0	0
PXD061756	2	52	41	11	16	9	0	1	0	1
PXD061784	0	43	20	23	12	4	0	0	0	0
PXD061791	1	41	22	19	8	3	0	0	0	1
PXD061794	0	43	28	15	11	6	0	0	0	0
PXD061795	1	46	28	18	10	4	0	1	0	0
PXD061797	0	44	30	14	9	8	0	0	0	0
PXD061806	2	51	35	16	14	10	0	2	0	0
PXD061846	1	45	29	16	10	12	0	1	0	0
PXD061848	0	48	30	18	12	3	0	0	0	0
PXD061850	1	43	24	19	10	4	0	1	0	0
PXD061855	0	45	23	22	12	5	2	0	0	0
PXD061859	0	41	22	19	7	2	0	0	0	0
PXD061861	4	46	34	12	10	4	0	0	2	2
PXD061865	0	46	29	17	13	0	0	0	0	0
PXD061876	0	41	28	13	10	13	0	0	0	0
PXD061877	0	41	22	19	11	7	0	0	0	0
PXD061879	0	44	20	24	9	1	0	0	0	0
PXD061918	3	50	37	13	17	8	0	0	2	1
PXD061925	3	46	28	18	11	10	0	0	0	3
PXD061934	3	63	46	17	28	16	0	0	0	3
PXD061936	0	41	28	13	8	7	0	0	0	0
PXD061981	0	52	35	17	10	4	0	0	0	0
PXD062000	0	42	24	18	8	6	0	0	0	0
PXD062079	2	49	38	11	16	10	0	1	0	1
PXD062108	0	48	37	11	12	4	0	0	0	0
PXD062109	2	40	22	18	6	7	0	1	0	1
PXD062112	1	52	33	19	15	8	0	0	0	1
PXD062184	9	79	68	11	21	10	0	0	7	2
PXD062200	2	49	40	9	11	10	0	1	0	1
PXD062211	1	43	20	23	10	7	0	0	1	0
PXD062254	1	48	27	21	11	6	0	1	0	0
PXD062315	2	42	24	18	8	4	0	1	0	1
PXD062318	1	52	45	7	16	7	0	1	0	0
PXD062321	0	41	20	21	4	1	0	0	0	0
PXD062322	0	50	31	19	14	2	0	0	0	0
PXD062324	1	53	40	13	19	5	0	1	0	0
PXD062330	0	41	20	21	8	2	0	0	0	0
PXD062343	0	38	15	23	7	1	0	0	0	0
PXD062353	3	45	30	15	10	5	0	1	2	0
PXD062354	9	65	58	7	13	13	0	3	6	0
PXD062419	0	41	21	20	8	5	0	0	0	0
PXD062420	0	39	22	17	8	12	0	0	0	0
PXD062431	0	40	17	23	5	3	0	0	0	0
PXD062437	1	47	32	15	11	10	0	1	0	0
PXD062440	0	40	22	18	10	9	0	0	0	0
PXD062441	0	39	22	17	7	11	0	0	0	0
PXD062452	2	47	34	13	14	5	0	1	0	1
PXD062474	4	50	38	12	9	8	0	1	0	3
PXD062511	2	54	40	14	19	13	0	1	0	1
PXD062520	2	48	30	18	14	6	0	1	0	1
PXD062536	0	46	25	21	11	4	0	0	0	0
PXD062616	2	61	50	11	13	13	0	1	1	0
PXD062619	2	56	45	11	13	14	0	2	0	0
PXD062628	0	49	22	27	6	2	0	0	0	0
PXD062630	0	45	23	22	9	5	0	0	0	0
PXD062695	1	40	20	20	5	6	0	1	0	0
PXD062723	1	45	34	11	11	6	0	1	0	0
PXD062730	0	41	16	25	9	3	0	0	0	0
PXD062745	2	43	28	15	8	4	0	2	0	0
PXD062748	0	47	25	22	13	5	0	0	0	0
PXD062774	1	52	38	14	8	8	0	1	0	0
PXD062777	0	45	25	20	11	3	0	0	0	0
PXD062785	0	48	35	13	8	12	0	0	0	0
PXD062808	0	51	35	16	13	7	0	0	0	0
PXD062818	0	42	23	19	6	6	0	0	0	0
PXD062847	0	40	15	25	6	3	0	0	0	0
PXD062852	2	41	28	13	8	12	0	2	0	0
PXD062853	0	41	12	29	3	2	0	0	0	0
PXD062854	2	53	36	17	13	7	0	1	0	1
PXD062870	2	49	33	16	15	3	0	1	0	1
PXD062943	1	40	22	18	4	5	0	0	0	1
PXD062944	4	44	23	21	6	11	0	2	1	1
PXD062962	2	40	19	21	8	4	0	2	0	0
PXD062969	0	45	28	17	12	3	0	0	0	0
PXD063002	0	43	26	17	7	5	0	0	0	0
PXD063020	2	45	28	17	9	6	0	0	0	2
PXD063023	0	41	25	16	9	8	0	0	0	0
PXD063024	2	46	32	14	12	4	0	0	1	1
PXD063058	1	46	32	14	10	5	0	1	0	0
PXD063060	2	47	31	16	16	7	0	2	0	0
PXD063082	2	59	48	11	13	4	0	0	0	2
PXD063142	1	45	25	20	9	2	0	1	0	0
PXD063179	1	44	33	11	10	10	0	1	0	0
PXD063183	1	38	23	15	7	5	0	1	0	0
PXD063253	0	56	38	18	15	3	0	0	0	0
PXD063283	0	51	34	17	10	7	0	0	0	0
PXD063325	1	46	30	16	9	7	0	1	0	0
PXD063349	1	46	26	20	13	7	0	1	0	0
PXD063372	0	46	30	16	11	3	0	0	0	0
PXD063447	2	39	27	12	7	4	0	0	0	2
PXD063455	1	39	27	12	7	10	0	1	0	0
PXD063461	4	41	21	20	8	8	0	2	1	1
PXD063465	0	44	26	18	8	6	0	0	0	0
PXD063466	1	41	20	21	5	1	0	1	0	0
PXD063479	7	78	70	8	35	26	0	1	2	4
PXD063516	0	38	18	20	2	3	0	0	0	0
PXD063521	1	43	30	13	12	10	0	1	0	0
PXD063526	0	45	27	18	7	8	0	0	0	0
PXD063535	0	43	26	17	8	7	0	0	0	0
PXD063537	1	41	14	27	4	1	0	1	0	0
PXD063550	2	56	38	18	10	7	0	2	0	0
PXD063553	2	46	36	10	10	12	0	2	0	0
PXD063563	0	43	27	16	10	4	0	0	0	0
PXD063595	2	47	32	15	10	11	0	0	1	1
PXD063628	2	39	22	17	6	7	0	1	1	0
PXD063671	0	42	25	17	9	4	0	0	0	0
PXD063682	1	41	22	19	10	7	0	1	0	0
PXD063716	5	39	20	19	8	12	0	5	0	0
PXD063721	2	46	31	15	8	5	0	1	0	1
PXD063819	2	44	27	17	9	4	0	1	0	1
PXD063822	0	47	30	17	9	11	0	0	0	0
PXD063825	0	48	30	18	10	5	0	0	0	0
PXD063836	0	40	25	15	4	6	0	0	0	0
PXD063840	2	42	21	21	6	3	0	2	0	0
PXD063859	2	38	18	20	5	3	0	1	0	1
PXD063864	2	38	18	20	5	3	0	1	0	1
PXD063935	0	47	37	10	14	10	0	0	0	0
PXD063955	6	52	33	19	10	5	0	2	3	1
PXD063964	1	62	52	10	28	32	0	0	0	1
PXD063965	2	49	29	20	13	6	0	1	0	1
PXD063969	1	51	37	14	10	4	0	1	0	0
PXD063977	1	45	28	17	11	7	0	0	1	0
PXD063983	1	39	24	15	7	5	0	1	0	0
PXD063995	1	44	28	16	9	3	0	1	0	0
PXD064004	1	41	21	20	4	3	0	0	0	1
PXD064007	0	47	30	17	14	8	0	0	0	0
PXD064016	1	41	17	24	6	3	0	1	0	0
PXD064062	2	49	33	16	11	8	0	2	0	0
PXD064064	2	52	40	12	11	6	0	0	2	0
PXD064066	0	40	17	23	4	2	0	0	0	0
PXD064067	3	52	33	19	11	4	0	1	2	0
PXD064116	1	42	23	19	7	2	0	1	0	0
PXD064117	2	44	24	20	8	5	0	2	0	0
PXD064125	0	43	24	19	7	7	0	0	0	0
PXD064146	1	50	34	16	14	11	0	0	0	1
PXD064197	1	39	18	21	6	4	0	1	0	0
PXD064199	0	42	23	19	8	5	0	0	0	0
PXD064236	3	39	20	19	5	6	0	0	2	1
PXD064244	1	48	33	15	10	2	0	0	0	1
PXD064257	3	53	35	18	14	4	0	2	0	1
PXD064262	2	56	43	13	16	12	0	1	0	1
PXD064265	2	42	18	24	8	4	0	2	0	0
PXD064288	2	40	20	20	7	1	1	1	0	1
PXD064434	3	42	28	14	8	4	0	1	2	0
PXD064439	0	39	24	15	7	6	0	0	0	0
PXD064455	2	41	23	18	9	5	0	1	0	1
PXD064458	1	55	46	9	13	12	3	0	0	1
PXD064464	1	45	30	15	13	7	0	1	0	0
PXD064519	1	48	30	18	10	6	0	0	0	1
PXD064523	3	47	34	13	12	5	0	0	2	1
PXD064560	1	40	20	20	7	8	0	0	0	1
PXD064564	3	55	36	19	19	15	0	2	0	1
PXD064568	4	45	30	15	10	10	0	2	2	0
PXD064573	4	57	48	9	22	17	0	1	0	3
PXD064632	0	43	26	17	9	6	0	0	0	0
PXD064634	1	47	37	10	14	3	0	0	0	1
PXD064640	2	47	31	16	13	8	0	1	1	0
PXD064671	2	49	34	15	15	16	0	1	0	1
PXD064727	1	49	29	20	15	7	0	1	0	0
PXD064751	0	46	27	19	13	3	0	0	0	0
PXD064784	0	41	25	16	9	3	0	0	0	0
PXD064787	0	41	26	15	7	8	0	0	0	0
PXD064788	0	48	33	15	8	8	0	0	0	0
PXD064794	4	47	24	23	10	1	0	3	0	1
PXD064834	1	39	14	25	4	4	0	1	0	0
PXD064844	1	39	25	14	5	14	0	1	0	0
PXD064850	3	40	23	17	8	9	0	1	2	0
PXD064858	0	38	14	24	7	5	0	0	0	0
PXD064871	1	45	29	16	10	5	0	0	0	1
PXD064926	0	53	41	12	14	9	0	0	0	0
PXD064950	1	47	33	14	9	5	0	1	0	0
PXD064985	1	46	22	24	13	5	0	0	1	0
PXD065001	0	46	23	23	10	2	0	0	0	0
PXD065024	1	52	35	17	12	6	0	0	0	1
PXD065042	1	58	39	19	9	24	0	1	0	0
PXD065168	3	42	27	15	10	7	0	0	3	0
PXD065200	2	46	20	26	9	2	0	1	1	0
PXD065292	1	43	26	17	12	6	0	1	0	0
PXD065332	1	40	18	22	6	9	0	1	0	0
PXD065335	1	44	24	20	9	4	0	0	0	1
PXD065357	1	46	29	17	11	9	0	1	0	0
PXD065424	2	39	30	9	7	15	0	1	0	1
PXD065453	2	54	32	22	9	3	0	0	2	0
PXD065461	1	43	19	24	7	6	0	1	0	0
PXD065493	3	50	27	23	11	10	0	1	0	2
PXD065497	1	45	32	13	11	7	0	1	0	0
PXD065517	0	40	12	28	6	3	0	0	0	0
PXD065520	0	50	44	6	15	4	0	0	0	0
PXD065566	0	49	31	18	12	3	0	0	0	0
PXD065571	3	57	32	25	12	3	0	1	0	2
PXD065702	7	57	48	9	9	8	0	2	5	0
PXD065794	0	41	27	14	10	6	0	0	0	0
PXD065854	2	43	26	17	10	4	0	1	0	1
PXD065898	1	44	19	25	11	6	0	0	0	1
PXD065914	1	39	17	22	7	5	0	1	0	0
PXD065922	3	45	24	21	10	0	0	1	0	2
PXD065965	4	42	27	15	9	5	0	1	2	1
PXD065993	7	43	34	9	8	6	0	3	4	0
PXD066010	6	55	43	12	13	18	0	3	0	3
PXD066017	0	43	20	23	10	2	0	0	0	0
PXD066029	0	47	26	21	6	3	0	0	0	0
PXD066033	1	51	33	18	8	6	0	1	0	0
PXD066083	0	43	22	21	5	3	0	0	0	0
PXD066132	1	44	27	17	8	2	0	1	0	0
PXD066134	2	49	31	18	11	1	0	0	2	0
PXD066206	2	45	31	14	10	10	0	1	0	1
PXD066215	2	46	32	14	11	9	0	0	0	2
PXD066224	2	52	42	10	11	7	0	2	0	0
PXD066251	1	43	25	18	9	10	0	1	0	0
PXD066260	1	43	21	22	11	8	0	1	0	0
PXD066393	1	49	34	15	12	8	0	0	0	1
PXD066461	3	42	21	21	7	2	0	1	0	2
PXD066470	1	42	22	20	10	5	0	1	0	0
PXD066557	1	45	24	21	13	4	0	1	0	0
PXD066614	3	47	32	15	14	11	0	2	0	1
PXD066622	0	46	27	19	10	5	0	0	0	0
PXD066679	0	44	26	18	10	6	0	0	0	0
PXD066711	1	41	21	20	9	4	0	1	0	0
PXD066795	2	44	29	15	12	9	0	1	1	0
PXD066872	1	42	26	16	8	2	0	0	0	1
PXD066874	0	55	40	15	17	9	0	0	0	0
PXD066888	2	45	29	16	12	3	0	1	0	1
PXD066952	4	57	46	11	15	13	0	0	4	0
PXD066998	1	48	38	10	12	12	0	0	0	1
PXD067064	1	51	38	13	12	12	0	1	0	0
PXD067088	6	75	65	10	14	8	0	0	6	0
PXD067102	1	48	36	12	10	8	0	1	0	0
PXD067122	3	42	21	21	8	7	0	0	0	3
PXD067153	1	57	45	12	12	5	0	1	0	0
PXD067193	3	46	36	10	11	7	0	2	0	1
PXD067200	0	47	25	22	10	5	0	0	0	0
PXD067201	0	49	39	10	12	8	0	0	0	0
PXD067213	1	47	35	12	10	6	0	1	0	0
PXD067220	1	55	43	12	16	6	0	1	0	0
PXD067229	0	40	21	19	7	5	0	0	0	0
PXD067234	1	45	37	8	10	12	0	0	0	1
PXD067299	3	52	37	15	14	5	0	0	2	1
PXD067324	1	41	14	27	6	3	0	1	0	0
PXD067414	0	44	26	18	11	3	0	0	0	0
PXD067474	2	49	30	19	10	8	0	0	1	1
PXD067538	0	47	27	20	9	2	0	0	0	0
PXD067583	1	50	32	18	12	18	0	1	0	0
PXD067589	0	42	19	23	7	2	0	0	0	0
PXD067620	1	41	21	20	6	1	0	0	0	1
PXD067622	1	41	22	19	9	5	0	0	0	1
PXD067624	1	49	35	14	11	4	0	1	0	0
PXD067649	2	42	20	22	8	3	0	2	0	0
PXD067739	3	46	30	16	14	9	0	1	0	2
PXD067890	0	40	29	11	8	9	0	0	0	0
PXD067905	1	42	25	17	8	7	0	1	0	0
PXD067947	6	38	19	19	6	5	0	5	0	1
PXD067949	2	43	29	14	7	5	1	2	0	0
PXD067955	3	51	36	15	12	2	0	1	1	1
PXD067974	0	45	26	19	7	7	0	0	0	0
PXD068004	2	42	25	17	9	6	0	1	0	1
PXD068126	2	42	21	21	8	7	0	1	0	1
PXD068127	3	43	30	13	8	8	0	1	0	2
PXD068129	3	39	18	21	4	6	0	2	0	1
PXD068150	0	48	34	14	13	11	0	0	0	0
PXD068189	2	42	19	23	8	5	0	2	0	0
PXD068296	3	43	22	21	8	4	0	0	1	2
PXD068388	1	59	49	10	8	13	0	1	0	0
PXD068392	0	53	42	11	14	4	0	0	0	0
PXD068424	0	46	24	22	9	6	0	0	0	0
PXD068442	0	44	24	20	9	0	0	0	0	0
PXD068485	0	46	29	17	9	5	0	0	0	0
PXD068527	1	49	27	22	11	6	0	0	0	1
PXD068551	0	46	28	18	11	2	0	0	0	0
PXD068578	2	42	23	19	11	4	0	1	0	1
PXD068581	0	48	33	15	13	2	0	0	0	0
PXD068664	3	38	14	24	1	5	0	1	2	0
PXD068665	0	56	39	17	19	3	0	0	0	0
PXD068675	2	53	34	19	9	0	1	1	1	0
PXD068739	0	44	26	18	8	2	0	0	0	0
PXD068775	0	46	26	20	6	3	0	0	0	0
PXD068786	1	43	22	21	11	5	0	1	0	0
PXD068828	1	50	40	10	15	13	0	0	1	0
PXD068982	1	45	24	21	9	5	0	1	0	0
PXD069058	1	39	16	23	7	2	1	1	0	0
PXD069084	1	42	28	14	8	6	0	1	0	0
PXD069095	1	52	35	17	14	11	0	1	0	0
PXD069096	1	38	15	23	6	1	0	1	0	0
PXD069113	5	49	30	19	14	5	0	1	2	2
PXD069201	0	44	26	18	9	6	0	0	0	0
PXD069257	4	49	35	14	11	9	0	0	2	2
PXD069399	0	55	34	21	8	6	0	0	0	0
PXD069538	1	49	37	12	14	15	0	1	0	0
PXD069587	1	47	25	22	15	4	0	1	0	0
PXD069666	1	39	18	21	7	4	0	1	0	0
PXD069667	1	47	30	17	12	8	0	1	0	0
PXD069754	2	43	30	13	8	13	1	0	0	2
PXD069890	0	54	45	9	12	8	0	0	0	0
PXD070195	0	44	26	18	10	5	0	0	0	0
PXD070339	2	44	34	10	8	6	0	1	0	1
PXD070409	0	47	28	19	3	5	0	0	0	0
PXD070477	1	44	32	12	11	6	0	1	0	0
PXD070491	0	44	34	10	8	3	0	0	0	0
PXD071042	0	44	28	16	11	7	0	0	0	0
PXD071075	0	40	19	21	7	3	0	0	0	0
PXD071171	2	45	29	16	14	9	0	0	0	2
PXD071222	0	44	25	19	6	6	0	0	0	0
PXD071367	2	46	30	16	8	4	0	0	2	0
