pxd	agent	original_shard	repair_task	timeout_seconds	merge_status
PXD001017	technical	1	0	1800	merged
PXD008260	technical	5	1	1800	merged
PXD009327	technical	5	1	1800	merged
PXD009561	technical	5	1	1800	merged
PXD010073	technical	5	1	1800	merged
PXD047019	technical	5	1	1800	merged
PXD047989	technical	5	1	1800	merged
PXD048228	technical	5	1	1800	merged
PXD049181	technical	5	1	1800	merged
PXD051089	technical	5	1	1800	merged
PXD055973	technical	5	1	1800	merged
PXD056170	technical	5	1	1800	merged
PXD058753	technical	5	1	1800	merged
PXD060372	technical	5	1	1800	merged
PXD062745	technical	5	1	1800	merged
PXD063455	technical	5	1	1800	merged
PXD063983	technical	5	1	1800	merged
PXD067229	technical	5	1	1800	merged
PXD003965	experimental_design	5	2	1800	merged
PXD004778	experimental_design	5	2	1800	merged
PXD006738	experimental_design	5	2	1800	merged
PXD008029	experimental_design	5	2	1800	merged
PXD009276	experimental_design	5	2	1800	merged
PXD010260	experimental_design	5	2	1800	merged
PXD046640	experimental_design	5	2	1800	merged
PXD047019	experimental_design	5	2	1800	merged
PXD047324	experimental_design	5	2	1800	merged
PXD047436	experimental_design	5	2	1800	merged
PXD047766	experimental_design	5	2	1800	merged
PXD048645	experimental_design	5	2	1800	merged
PXD051473	experimental_design	5	2	1800	merged
PXD056170	experimental_design	5	2	1800	merged
PXD057944	experimental_design	5	2	1800	merged
PXD058753	experimental_design	5	2	1800	merged
PXD061307	experimental_design	5	2	1800	merged
PXD061855	experimental_design	5	2	1800	merged
PXD062536	experimental_design	5	2	1800	merged
PXD064458	experimental_design	5	2	1800	merged
PXD068150	experimental_design	5	2	1800	merged
PXD069754	experimental_design	5	2	1800	merged
PXD009348	biological	7	3	1800	merged
